"","overall_qual","overall_cond","year_built","gr_liv_area","bedroom_abv_gr","kitchen_abv_gr","tot_rms_abv_grd","fireplaces","garage_area","open_porch_sf","pool_area","mo_sold","yr_sold","sale_price"
"1",7,5,1931,1774,2,2,8,2,468,0,0,4,2008,11.7745202026587
"2",5,6,1939,1077,2,2,5,2,205,4,0,1,2008,11.6784399034478
"3",4,5,1967,1296,2,2,6,0,516,0,0,10,2006,11.4075649493124
"4",5,7,1976,1060,3,1,6,1,572,110,0,6,2007,11.7745202026587
"5",4,4,1920,1317,3,1,6,0,250,54,0,7,2008,10.5966347330961
"6",4,5,1955,1152,2,2,6,0,0,0,0,6,2008,11.3144745262464
"7",4,5,1920,1452,2,3,8,0,0,0,0,6,2009,11.6351430976945
"8",5,7,1966,955,3,1,6,0,386,0,0,1,2007,11.7519423654407
"9",6,6,1934,1176,3,1,6,1,528,0,0,9,2006,11.6483301019764
"10",5,5,1963,816,2,1,5,0,516,0,0,5,2010,11.6082356447746
"11",5,7,1972,780,2,1,4,0,352,0,0,1,2008,11.7352686961137
"12",4,6,1945,747,2,1,4,0,220,0,0,6,2010,11.289781913656
"13",5,5,1948,1285,2,1,6,0,240,0,0,1,2008,11.7519423654407
"14",5,6,1910,1230,2,1,5,0,440,0,0,5,2009,11.6082356447746
"15",5,5,1960,1065,3,1,6,0,461,0,0,7,2007,11.7479975871497
"16",3,2,1915,1526,2,1,6,0,0,0,0,10,2009,11.3504065354725
"17",4,5,1994,990,3,1,5,0,0,0,0,8,2007,11.7248058240057
"18",4,5,1950,1040,2,1,4,0,420,29,0,7,2006,11.6073261403917
"19",5,3,1961,1235,2,1,6,0,480,0,0,12,2006,11.4988265405907
"20",4,5,1965,960,3,1,6,0,432,0,0,5,2007,11.4589971229447
"21",4,5,1959,1225,3,1,6,0,0,0,0,1,2010,11.7671800113095
"22",5,5,1979,1535,4,2,8,0,410,0,0,6,2009,11.6865762053166
"23",4,7,1885,1047,2,1,6,0,273,0,0,8,2007,11.5129254649702
"24",5,5,1948,789,2,1,5,0,250,0,0,4,2008,11.6526874073454
"25",5,7,1919,1517,3,1,7,0,0,0,0,8,2007,11.6526874073454
"26",4,5,1939,1123,3,1,4,0,264,0,0,6,2007,11.5129254649702
"27",6,8,1935,754,2,1,5,0,0,0,0,6,2006,11.3445068133453
"28",6,5,1976,958,2,1,5,1,440,205,0,2,2007,11.7597855429018
"29",5,7,1930,840,3,1,5,1,0,0,0,6,2007,11.3736633976367
"30",4,5,1971,864,3,1,5,1,0,0,0,4,2010,11.6526874073454
"31",5,5,1963,1728,6,2,10,0,504,0,0,11,2006,11.7360690162844
"32",5,7,1931,875,2,1,5,0,180,0,0,11,2009,11.5617156291397
"33",5,4,1936,1344,3,1,7,0,240,114,0,4,2006,11.6526874073454
"34",5,6,1975,969,3,1,5,0,440,0,0,1,2007,11.7117763237154
"35",6,5,1923,1200,4,1,7,0,312,0,0,3,2006,11.7360690162844
"36",6,5,1924,1096,2,1,5,0,0,8,0,4,2008,11.2772031314492
"37",5,7,1950,1040,2,1,5,0,625,0,0,6,2006,11.6036798282387
"38",4,6,1956,882,1,1,4,0,0,0,0,4,2007,11.5444241320296
"39",5,7,1940,1355,4,2,6,0,0,0,0,9,2008,11.7558716435806
"40",5,6,1941,1382,2,1,7,0,660,0,0,5,2007,11.7636841833174
"41",5,6,1923,968,2,1,5,0,480,0,0,7,2007,11.5129254649702
"42",5,6,1957,1340,3,1,7,1,252,0,0,6,2007,11.6952470217642
"43",5,8,1908,1252,3,1,5,0,576,0,0,6,2006,11.7519423654407
"44",5,7,1972,864,3,1,5,0,352,0,0,5,2008,11.7519423654407
"45",6,6,1912,2229,5,1,8,0,0,198,0,7,2009,11.5521461781235
"46",6,6,1924,1310,2,1,6,0,398,0,0,5,2006,11.6262541502772
"47",5,7,1947,1284,2,1,5,0,240,35,0,4,2009,11.6082356447746
"48",4,4,1925,1328,3,1,8,0,210,172,0,9,2006,11.580584113444
"49",5,5,1971,1302,3,1,6,0,280,0,0,5,2009,11.6262541502772
"50",5,5,1967,912,3,1,5,1,336,0,0,5,2010,11.7360690162844
"51",5,6,1976,894,3,1,5,0,308,0,0,2,2010,11.7613468234687
"52",6,3,1971,987,2,1,5,0,264,0,0,8,2008,11.4019939042629
"53",5,9,1945,866,2,1,4,0,0,42,0,8,2007,11.6127707999399
"54",5,4,1900,1440,3,1,6,0,352,0,0,4,2006,11.2772031314492
"55",3,2,1940,1306,3,1,6,0,0,0,0,5,2010,11.2450460198146
"56",5,5,1956,882,2,1,4,0,308,45,0,12,2008,11.4824662574855
"57",5,6,1940,778,2,1,4,1,924,25,0,2,2008,11.6994050319128
"58",5,7,1982,816,2,1,5,0,264,0,0,6,2007,11.7320609948869
"59",4,4,1971,858,3,1,5,0,0,0,0,6,2006,11.3850920934603
"60",6,7,1920,1406,3,1,6,0,0,144,0,3,2008,11.4019939042629
"61",4,5,1940,861,1,1,4,0,539,0,0,3,2009,11.3205535723228
"62",5,7,1939,1118,3,1,5,1,410,0,0,5,2006,11.6944133410156
"63",5,6,1941,803,2,1,5,0,360,0,0,12,2007,11.3736633976367
"64",5,5,1920,1192,3,1,6,0,189,0,0,7,2009,11.2644641056717
"65",5,4,1964,1728,6,2,10,0,352,0,0,11,2007,11.6868787720937
"66",4,4,1950,841,2,1,4,0,294,0,0,9,2009,11.3144745262464
"67",3,4,1949,1040,2,2,6,0,400,0,0,5,2006,11.3793940723457
"68",5,3,1976,1112,3,1,4,0,336,0,0,4,2010,11.3504065354725
"69",5,6,1941,1111,3,1,5,0,200,0,0,3,2008,11.4616321705827
"70",6,8,1928,720,2,1,5,0,484,0,0,5,2010,11.5702505315895
"71",6,8,1972,987,2,1,5,0,264,0,0,5,2009,11.6784399034478
"72",6,5,1984,752,2,1,4,0,264,0,0,2,2010,11.7360690162844
"73",5,6,1953,1319,3,1,5,0,270,0,0,11,2009,11.7199396343546
"74",1,1,1922,904,1,1,4,0,0,0,0,3,2009,11.0186291431554
"75",6,3,1928,784,2,1,5,0,360,0,0,10,2009,11.2384886192685
"76",5,3,1910,1184,5,1,8,0,0,151,0,5,2006,11.3022044336546
"77",6,6,1976,1125,3,1,6,1,352,0,0,10,2009,11.7360690162844
"78",5,8,1900,1367,4,1,7,0,384,130,0,4,2008,11.6868787720937
"79",4,5,1941,788,2,1,4,2,0,0,0,4,2006,11.5129254649702
"80",5,6,1940,1034,2,1,5,0,240,39,0,7,2007,11.5991031612113
"81",5,5,1972,894,2,1,6,0,600,0,0,9,2009,11.7199396343546
"82",5,2,1920,1077,2,1,6,0,338,0,0,11,2007,11.1124478983731
"83",6,5,1936,1639,3,1,6,0,240,0,0,3,2008,11.6526874073454
"84",5,3,1958,1276,3,1,5,0,350,0,0,6,2009,11.0020998412042
"85",5,6,1927,1028,2,1,5,1,360,0,0,3,2010,11.6526874073454
"86",5,6,1940,1134,3,1,7,0,240,0,0,4,2007,11.7440371859336
"87",5,5,1954,988,2,1,4,0,520,0,0,2,2008,11.6351430976945
"88",4,6,1957,907,3,1,5,0,352,0,0,7,2008,11.5991765530135
"89",6,5,1971,987,2,1,4,0,264,0,0,7,2008,11.3551013797767
"90",6,7,1920,1198,4,1,7,0,0,98,0,9,2008,11.2885311317544
"91",5,5,1971,1365,2,1,6,0,440,36,0,8,2007,11.7158663089669
"92",4,7,1972,630,1,1,3,0,0,0,0,6,2008,11.3022044336546
"93",6,7,1926,904,2,1,4,0,180,0,0,1,2009,11.6868787720937
"94",5,6,1913,694,2,1,4,1,352,0,0,3,2007,11.4114462960204
"95",6,8,1920,1196,3,1,7,0,528,46,0,8,2009,11.6082356447746
"96",4,4,1955,1440,4,2,8,0,0,0,0,9,2008,11.6784399034478
"97",6,5,1956,1689,3,1,7,1,480,0,0,11,2009,11.7558716435806
"98",3,7,1948,1183,2,1,6,0,308,176,0,6,2007,11.6952470217642
"99",5,5,1916,1344,4,1,7,0,513,0,0,5,2008,11.4927227576527
"100",5,5,1965,864,3,1,5,1,360,0,0,12,2009,11.0410480813427
"101",5,5,1978,1040,3,1,5,0,0,0,0,8,2009,11.7280368445872
"102",4,7,1937,1131,2,1,7,0,672,72,0,3,2007,11.40166982941
"103",5,6,1976,1304,3,1,4,1,336,24,0,6,2008,11.6526874073454
"104",5,8,1938,886,2,1,4,0,273,20,0,12,2009,11.4219060665831
"105",4,5,1920,720,2,1,4,0,0,523,0,11,2009,10.4602421081905
"106",6,5,1973,1218,3,1,7,0,264,28,0,5,2007,11.6351430976945
"107",5,5,1952,1960,4,2,10,0,400,0,0,7,2009,11.7320609948869
"108",5,6,1959,1041,3,1,6,0,270,88,0,7,2009,11.7320609948869
"109",5,5,1958,864,3,1,5,0,624,0,0,7,2006,11.7745202026587
"110",5,5,1926,789,2,1,5,0,200,0,0,6,2007,11.4772982873271
"111",5,7,1955,827,2,1,5,1,392,0,0,4,2010,11.5852461265499
"112",1,3,1946,334,1,1,2,0,0,0,0,1,2007,10.5789797978574
"113",5,7,1910,1347,3,1,5,0,0,0,0,1,2008,11.5852461265499
"114",5,7,1970,768,2,1,5,0,624,0,0,4,2007,11.7714361601217
"115",4,5,1949,1126,2,1,5,0,520,96,0,5,2009,11.5898865061064
"116",5,6,1922,1048,2,1,5,1,280,0,0,8,2006,11.6351430976945
"117",5,6,1957,1392,3,1,5,1,528,0,0,5,2010,11.7076695417627
"118",5,6,1940,996,3,1,6,1,0,0,0,7,2008,11.5898865061064
"119",6,4,1915,1647,4,1,6,0,216,66,0,5,2010,11.7597855429018
"120",6,6,1959,864,2,1,4,0,288,0,0,10,2006,11.6952470217642
"121",5,5,1947,1216,2,1,6,0,336,0,0,10,2008,11.6826682395573
"122",5,6,1930,935,2,1,4,0,308,0,0,8,2008,11.2835123006424
"123",5,6,1975,924,3,1,5,0,280,0,0,4,2008,11.6082356447746
"124",6,7,1910,1368,3,1,7,0,216,158,0,10,2006,11.6483650358641
"125",4,5,1961,1029,3,1,5,0,261,0,0,4,2007,11.6826682395573
"126",6,6,1954,832,2,1,4,0,528,0,0,6,2008,11.5664662318983
"127",5,6,1880,1750,3,1,8,0,240,0,0,6,2006,11.7280368445872
"128",7,5,1977,1411,3,1,6,1,544,0,0,4,2009,11.3205535723228
"129",2,3,1936,800,1,1,4,1,0,0,0,1,2009,11.0020998412042
"130",5,7,1910,796,2,1,4,0,0,0,0,5,2008,11.3504065354725
"131",4,6,1970,630,1,1,3,0,0,0,0,12,2007,11.3445068133453
"132",4,5,1940,1510,4,1,7,1,296,0,0,10,2009,11.5898865061064
"133",6,5,1971,1092,3,1,6,0,264,0,0,3,2010,11.3850920934603
"134",6,5,1948,1458,3,1,6,1,330,0,0,1,2010,11.4876076569859
"135",6,3,1968,1392,2,1,5,2,576,0,0,7,2009,11.6082356447746
"136",6,5,1965,2380,3,1,7,1,596,265,0,8,2007,11.7675676833438
"137",6,6,1925,1369,3,1,6,0,300,0,0,7,2009,11.5482926088075
"138",4,2,1900,1774,4,2,8,0,779,0,0,5,2006,11.3736633976367
"139",5,8,1924,792,2,1,5,0,240,0,0,5,2009,11.6036798282387
"140",5,5,1961,988,3,1,5,0,572,0,0,10,2007,11.7636841833174
"141",4,5,1930,1092,3,2,7,0,0,0,0,7,2010,10.9150884642146
"142",5,7,1966,904,3,1,6,0,408,0,0,12,2008,11.6073261403917
"143",3,6,1935,729,2,1,5,0,0,0,0,7,2008,10.8589989975636
"144",4,7,1900,1178,2,1,7,0,384,0,0,1,2010,11.5403071417114
"145",4,5,1970,960,3,1,6,0,576,288,0,5,2006,11.7675676833438
"146",5,6,1969,971,3,1,5,1,300,0,0,5,2006,11.7636841833174
"147",4,7,1970,864,3,1,5,0,463,0,0,7,2009,11.7320609948869
"148",4,6,1970,864,3,1,5,0,660,0,0,11,2009,11.6994050319128
"149",5,5,1958,1776,4,2,9,0,888,25,0,7,2009,11.6082356447746
"150",4,5,1925,1208,2,1,5,0,539,23,0,1,2009,11.5424842672118
"151",5,5,1968,948,3,1,6,0,300,0,0,5,2007,11.5898865061064
"152",3,4,1950,1040,2,2,6,0,400,0,0,7,2006,11.4457167152768
"153",4,3,1945,1529,4,1,9,0,240,0,0,4,2009,11.4927227576527
"154",4,7,1910,1140,3,1,7,0,0,160,0,6,2010,11.4772982873271
"155",6,6,1959,864,2,1,5,0,300,0,0,10,2009,11.7558716435806
"156",5,5,1924,1301,2,1,5,0,440,0,0,10,2009,11.5129254649702
"157",4,5,1951,1220,2,1,6,0,396,0,0,4,2006,11.5327280922664
"158",6,5,1976,1117,3,1,6,1,672,0,0,3,2010,11.580584113444
"159",5,5,1958,912,2,1,5,0,275,0,0,7,2007,11.6483301019764
"160",6,6,1914,1484,3,1,9,1,0,291,0,6,2008,11.7597855429018
"161",4,7,1954,901,2,1,4,0,281,0,0,8,2008,11.5889601512462
"162",5,5,1953,773,2,1,4,0,240,0,0,4,2008,11.6082356447746
"163",4,7,1916,1196,2,1,5,0,440,0,0,7,2007,11.6073261403917
"164",5,5,1898,2138,2,3,11,0,360,156,0,11,2009,11.5711943730942
"165",5,5,1952,1044,2,1,4,0,504,0,0,6,2010,10.9329819619041
"166",5,7,1918,1250,3,1,7,0,280,0,0,7,2006,11.6613454700885
"167",4,4,1953,936,2,1,4,0,576,32,0,2,2009,11.4403547721354
"168",5,6,1924,784,2,1,5,0,0,0,0,5,2008,11.6036798282387
"169",4,7,1950,1067,2,1,4,0,436,0,0,2,2010,11.7597855429018
"170",6,5,1973,987,2,1,5,0,264,0,0,11,2008,11.5129254649702
"171",5,8,1962,1040,3,1,6,0,260,104,0,4,2010,11.7519423654407
"172",5,5,1962,894,2,1,5,0,308,0,0,8,2009,11.6036798282387
"173",5,7,1953,910,3,1,5,0,414,0,0,10,2008,11.6613454700885
"174",5,6,1941,1131,3,1,5,0,200,0,0,8,2009,11.1049572266439
"175",4,5,1912,2230,5,1,10,0,440,188,0,3,2006,11.6826682395573
"176",5,7,1949,924,3,1,6,1,576,0,0,7,2007,11.7191262955541
"177",5,5,1979,1535,4,2,8,0,400,0,0,6,2009,11.6856847822605
"178",4,6,1936,951,2,1,6,0,327,28,0,4,2006,11.5759002641316
"179",4,6,1971,858,2,1,4,0,684,0,0,6,2007,11.6082356447746
"180",5,5,1954,1063,3,1,6,0,280,0,0,2,2010,11.7597855429018
"181",5,7,1925,1015,3,1,6,0,450,0,0,7,2006,11.3850920934603
"182",4,5,1970,1092,3,1,6,0,286,0,0,1,2007,11.2252433925184
"183",2,3,1949,480,1,1,4,0,308,0,0,10,2006,10.4719498091105
"184",5,6,1965,925,2,1,5,0,429,0,0,7,2009,11.6741936125664
"185",4,5,1926,747,1,1,5,0,528,0,0,6,2006,11.2885311317544
"186",5,6,1890,1869,2,1,7,0,456,0,0,9,2009,11.7352686961137
"187",5,8,1950,864,3,1,5,0,720,0,0,7,2007,11.7675676833438
"188",6,5,1975,980,4,0,4,0,0,0,0,10,2006,11.7558716435806
"189",6,6,1980,1229,2,1,5,1,462,0,0,5,2009,11.7280368445872
"190",5,7,1958,858,2,1,4,0,0,0,0,2,2010,11.6656465519879
"191",3,6,1910,968,2,1,6,0,0,0,0,5,2009,10.5427063910705
"192",6,5,1979,918,2,1,5,1,264,0,0,4,2010,11.5079129231467
"193",4,7,1923,869,2,1,4,0,0,0,0,8,2006,11.3562716549249
"194",4,5,1954,894,3,1,5,0,400,0,0,5,2007,11.6082356447746
"195",5,5,1977,1734,4,2,8,0,539,0,0,8,2009,11.7440371859336
"196",5,5,1950,1164,3,1,5,0,240,48,0,8,2008,11.7360690162844
"197",6,8,1910,1635,2,1,5,0,255,0,0,6,2006,11.6699292137799
"198",4,7,1946,1230,3,1,5,0,305,57,0,8,2006,11.7084922485142
"199",3,3,1952,944,2,1,4,0,528,0,0,7,2009,11.3144745262464
"200",5,6,1920,691,2,1,4,0,216,20,0,1,2007,11.3621025752356
"201",5,5,1926,1522,4,1,7,0,0,0,0,6,2006,11.5327280922664
"202",5,4,1910,1022,2,1,4,0,280,30,0,6,2009,11.3504065354725
"203",6,5,1948,1082,2,1,5,1,240,130,0,11,2007,11.6885580336134
"204",5,5,1930,1248,2,1,6,0,160,0,0,3,2007,11.3736633976367
"205",5,5,1972,882,3,1,5,0,461,0,0,3,2007,11.6307085006266
"206",5,5,1941,1376,3,1,6,1,240,0,0,4,2007,11.5617156291397
"207",5,7,1938,954,2,1,5,1,240,0,0,6,2007,11.6931615152732
"208",4,3,1957,845,3,1,5,0,290,0,0,1,2009,11.3385720778255
"209",4,4,1970,630,1,1,3,0,286,0,0,4,2009,11.289781913656
"210",5,4,1960,1771,3,1,9,1,336,0,0,11,2009,11.6526874073454
"211",4,7,1946,930,2,1,6,0,308,0,0,4,2010,11.3492293722994
"212",3,4,1935,894,2,1,6,0,1248,20,0,8,2008,11.3022044336546
"213",5,3,1948,1456,4,1,7,1,280,0,0,8,2006,11.4240942512636
"214",5,5,1994,990,3,1,5,0,299,64,0,4,2007,11.7440371859336
"215",4,5,1973,1092,3,1,6,0,286,96,0,5,2010,11.3326019108389
"216",3,4,1950,1040,2,2,6,0,400,0,0,6,2009,11.4392789248019
"217",5,7,1956,936,2,1,4,0,308,0,0,5,2010,11.7675676833438
"218",6,7,1914,1355,3,1,7,0,0,0,0,3,2007,11.7519423654407
"219",4,6,1936,1324,3,1,6,0,240,0,0,7,2009,11.7597855429018
"220",2,5,1920,438,1,1,3,0,246,0,0,1,2009,11.0020998412042
"221",5,5,1971,950,3,1,5,0,280,0,0,7,2007,11.6910716503537
"222",5,5,1970,1302,3,1,6,0,440,0,0,4,2007,11.5711943730942
"223",5,7,1957,816,2,1,5,0,308,0,0,7,2006,11.7745202026587
"224",5,7,1954,833,2,1,4,0,326,0,0,8,2006,11.6699292137799
"225",5,9,1947,698,2,1,4,0,0,200,0,6,2009,11.6784399034478
"226",5,5,1991,974,3,1,5,0,0,28,0,9,2007,11.4457167152768
"227",6,4,1880,2210,5,1,8,0,205,48,0,5,2007,11.6741936125664
"228",6,5,1926,986,2,1,5,1,180,128,0,5,2007,11.5327280922664
"229",6,5,1950,1252,3,1,6,0,288,0,0,4,2008,11.6868787720937
"230",5,8,1875,1020,2,1,6,0,0,0,0,5,2010,11.4510500612521
"231",5,3,1959,1006,3,1,5,0,0,24,0,7,2008,11.289781913656
"232",4,4,1941,924,2,1,5,0,280,0,0,7,2010,11.289781913656
"233",7,7,1926,1111,2,1,5,1,288,0,0,8,2008,11.6690741474602
"234",6,5,1950,932,2,1,4,1,306,0,0,11,2007,11.7280368445872
"235",6,8,1930,816,2,1,5,0,432,0,0,6,2008,11.6994050319128
"236",4,4,1969,1258,0,2,6,0,400,0,0,1,2008,11.5987269436613
"237",5,5,1984,923,3,1,5,0,264,0,0,10,2008,11.6910716503537
"238",6,8,1926,1224,3,1,5,0,210,0,0,12,2009,11.6526874073454
"239",5,7,1924,1221,4,1,7,0,392,0,0,3,2006,11.5607627943844
"240",5,8,1925,1472,3,1,6,0,250,0,0,7,2007,11.7360690162844
"241",4,5,1970,864,3,1,5,0,280,0,0,7,2006,11.6617764117026
"242",4,4,1966,1056,2,1,5,0,384,42,0,11,2006,11.580584113444
"243",5,5,1966,894,3,1,5,0,384,0,0,5,2007,11.7360690162844
"244",6,5,1978,1902,4,2,8,0,539,0,0,4,2010,11.6262541502772
"245",6,5,1971,1218,3,1,7,0,0,0,0,4,2006,11.4240942512636
"246",5,5,1960,1507,4,1,7,0,404,0,0,8,2008,11.7519423654407
"247",4,5,1962,1224,2,2,6,0,462,0,0,3,2007,11.5307653830986
"248",6,5,1917,2058,3,1,8,1,396,0,0,4,2008,11.7714361601217
"249",5,7,1950,988,3,1,6,0,276,80,0,5,2007,11.6868787720937
"250",6,6,1931,1367,3,1,6,1,560,0,0,11,2007,11.7558716435806
"251",5,8,1922,864,2,1,4,0,0,96,0,7,2009,11.5119249646366
"252",7,4,1910,1889,4,2,9,1,308,0,0,1,2007,11.7117763237154
"253",4,4,1920,1128,2,1,6,0,528,0,0,4,2010,11.1331281036106
"254",5,7,1972,1302,3,1,6,0,264,0,0,2,2009,11.6910716503537
"255",5,7,1955,864,2,1,5,0,572,0,0,4,2006,11.6526874073454
"256",4,6,1954,948,3,1,5,1,280,36,0,10,2007,11.6868787720937
"257",3,6,1949,720,2,1,4,0,287,0,0,7,2008,11.1913418408428
"258",4,4,1922,796,2,1,5,0,0,0,0,1,2008,10.9150884642146
"259",3,6,1931,774,3,1,6,0,0,0,0,5,2007,11.2772031314492
"260",4,6,1938,816,2,1,3,1,288,0,0,5,2009,11.5129254649702
"261",5,6,1938,1360,2,1,6,0,297,65,0,7,2006,11.740061037554
"262",5,6,1970,1365,3,1,7,0,440,36,0,5,2009,11.7360690162844
"263",4,4,1941,693,2,1,4,0,0,20,0,3,2006,10.8685684485797
"264",5,7,1972,864,3,1,5,0,288,0,0,6,2006,11.7636841833174
"265",4,5,1971,872,3,1,5,0,480,0,0,6,2007,11.7199396343546
"266",4,4,1920,960,2,1,5,0,308,0,0,7,2007,11.5945054519627
"267",8,5,1872,2358,4,1,8,0,0,54,0,12,2008,11.7117763237154
"268",5,6,1977,1475,4,1,6,1,336,26,0,7,2006,11.7519423654407
"269",4,6,1920,1374,2,1,6,0,338,0,0,10,2009,11.5617156291397
"270",6,5,1930,790,2,1,4,0,160,141,0,4,2008,11.418614785499
"271",6,5,1973,987,2,1,5,0,264,0,0,6,2006,11.3265958867787
"272",3,3,1914,864,2,1,5,0,200,0,0,6,2010,10.9767820332199
"273",5,7,1918,1416,3,1,7,0,576,0,0,8,2007,11.6262541502772
"274",6,5,1939,1258,2,1,6,0,280,0,0,10,2009,11.5617156291397
"275",4,8,1922,1154,3,1,7,0,240,96,0,5,2010,11.740061037554
"276",5,5,1967,1584,4,2,8,0,792,152,0,4,2009,11.7280368445872
"277",5,5,1967,900,3,1,6,1,288,144,0,12,2006,11.7199396343546
"278",6,7,1929,1158,3,1,5,1,208,0,0,7,2008,11.6952470217642
"279",3,4,1915,1214,3,1,6,0,936,0,0,1,2006,11.5617156291397
"280",5,5,1985,833,3,1,5,0,0,0,0,3,2009,11.6262541502772
"281",4,5,1949,1040,2,2,6,0,420,0,0,6,2009,11.4075649493124
"282",4,6,1885,2290,4,2,11,0,560,0,0,4,2010,11.7158663089669
"283",5,5,1963,1144,3,1,6,0,336,88,0,8,2008,11.7280368445872
"284",6,5,1977,1069,2,1,4,1,440,55,0,7,2010,11.7558716435806
"285",5,7,1940,804,2,1,4,2,240,0,0,2,2010,11.6868787720937
"286",4,6,1927,968,4,1,5,0,216,0,0,8,2007,11.0744205027839
"287",4,6,1971,864,3,1,5,0,528,0,0,5,2007,11.6994050319128
"288",6,6,1916,952,2,1,4,1,192,98,0,5,2009,11.7035458245789
"289",6,5,1966,913,3,1,6,0,240,0,0,5,2007,11.7675676833438
"290",4,7,1910,1346,2,1,6,0,384,24,0,5,2007,11.6262541502772
"291",5,7,1970,630,1,1,3,0,0,0,0,8,2006,11.4295438560312
"292",5,5,2006,1140,3,1,6,0,0,56,0,7,2006,11.3445068133453
"293",7,5,1915,1717,3,1,7,1,642,35,0,2,2006,11.8493977015914
"294",5,5,1993,1362,1,1,5,0,480,30,0,10,2009,11.870599909242
"295",6,5,1960,1253,2,1,5,1,352,213,0,5,2008,11.9640010843304
"296",7,8,1929,854,2,1,5,0,576,112,0,7,2007,11.7905572015685
"297",6,7,1970,1004,2,1,5,1,480,0,0,3,2010,11.9117015849276
"298",5,5,2004,1114,3,1,6,0,576,102,0,6,2008,11.9766594812024
"299",5,6,1958,1339,3,1,6,0,294,0,0,5,2009,11.8422292121128
"300",7,7,1930,1108,3,1,6,1,280,0,0,6,2007,11.8451027773086
"301",5,8,1968,1060,3,1,6,1,270,90,0,5,2010,11.9447078813958
"302",5,7,1951,900,3,1,5,0,576,32,0,5,2010,11.8115474774603
"303",5,6,1966,1228,3,1,6,0,271,65,0,6,2008,11.9140478236443
"304",5,6,1954,1297,3,1,5,1,498,0,0,10,2009,11.9381932003746
"305",6,5,1965,1324,3,1,6,1,440,138,0,12,2006,11.982929094216
"306",5,7,1983,884,2,1,5,0,504,0,0,12,2007,11.8775685785581
"307",5,6,1975,938,3,1,5,0,308,0,0,7,2008,11.7772109596156
"308",5,6,1959,1150,3,1,6,0,300,0,0,5,2006,11.8565151693603
"309",5,5,1955,1360,3,1,6,1,572,50,0,2,2007,11.7752897294377
"310",6,5,2004,1158,3,1,5,0,576,50,0,5,2006,11.9703503120091
"311",7,6,1921,1710,3,1,9,0,480,11,0,4,2010,11.8493977015914
"312",4,7,1956,952,2,1,4,0,283,0,0,4,2008,11.8185702377962
"313",4,5,1968,1768,4,2,8,0,0,0,0,4,2010,11.8240798936072
"314",6,5,1998,1337,2,1,5,0,405,199,0,3,2006,11.9414558460094
"315",6,6,1910,2291,4,2,9,1,506,0,0,11,2007,11.8048485316793
"316",5,5,1962,1092,3,1,6,1,288,20,0,9,2009,11.8422292121128
"317",5,5,2006,1125,2,1,5,0,430,64,0,4,2007,11.9511803959014
"318",6,5,1993,1199,2,1,5,0,530,63,0,3,2008,11.944058319827
"319",6,5,1966,1348,3,1,6,1,453,108,0,7,2006,11.9511803959014
"320",5,7,1958,1053,3,1,6,0,750,80,0,7,2006,11.9183905730784
"321",5,5,1967,1214,3,1,5,1,318,111,0,7,2007,11.870599909242
"322",6,5,2004,1709,3,1,7,0,380,40,0,4,2006,11.7752897294377
"323",7,5,2004,1080,3,1,6,0,0,0,0,4,2008,11.8565151693603
"324",6,6,1984,1232,3,1,6,0,516,0,0,6,2008,11.9984332807519
"325",6,7,1926,1616,3,1,5,0,216,0,0,10,2007,11.9316357998284
"326",5,7,1916,1656,3,1,8,0,180,0,0,8,2009,11.8130300574206
"327",4,5,2003,1121,2,1,5,0,440,64,0,3,2010,11.8493977015914
"328",6,5,2004,848,1,1,3,1,420,0,0,1,2008,11.9117015849276
"329",5,5,1962,1696,3,1,8,1,349,30,0,3,2007,11.8768738928755
"330",4,5,1960,1100,3,1,6,1,312,0,0,4,2008,11.8565151693603
"331",6,7,1964,1092,3,1,6,0,504,0,0,7,2008,11.8844890214027
"332",5,5,1995,990,3,1,5,0,576,0,0,7,2006,11.9576112862317
"333",5,6,1957,1236,2,1,6,1,447,0,0,5,2006,11.808947661697
"334",6,6,1959,1194,3,1,6,0,312,0,0,4,2010,11.9049675527463
"335",6,8,1910,1928,4,2,9,0,440,60,0,4,2006,11.8277362048103
"336",6,5,1954,1375,2,1,5,1,451,30,0,6,2006,11.8493977015914
"337",5,6,1957,1314,3,1,5,0,294,0,0,6,2010,11.8844890214027
"338",5,7,1929,1316,3,1,6,0,484,0,0,4,2010,11.7752897294377
"339",6,7,1976,1113,3,1,6,1,504,30,0,5,2007,11.9049675527463
"340",6,6,1958,1632,3,1,6,1,338,0,0,4,2009,11.8422292121128
"341",6,7,1962,1734,3,1,7,1,440,0,0,6,2006,11.9766594812024
"342",6,7,1915,1396,3,1,7,0,384,0,0,7,2007,11.9419443260321
"343",5,6,1912,1716,6,1,9,0,0,184,0,3,2008,11.8196746001392
"344",5,4,1949,1716,3,1,8,1,281,0,0,1,2009,11.7829526021833
"345",6,6,1984,1003,3,1,6,0,588,0,0,3,2006,11.8670972786908
"346",5,5,1950,1558,4,1,6,0,282,0,0,6,2007,11.9316357998284
"347",6,8,1950,1152,3,1,6,1,300,36,0,8,2009,11.9735098722995
"348",5,7,1972,894,3,1,5,0,552,0,0,7,2006,11.9177236840907
"349",6,6,1948,972,2,1,5,1,240,0,0,5,2009,11.7905572015685
"350",6,5,1960,1383,3,1,7,0,292,45,0,4,2006,11.8862116747142
"351",5,6,1958,1056,3,1,6,0,308,0,0,8,2007,11.8422292121128
"352",6,7,1958,1215,3,1,6,0,297,0,0,6,2009,11.9511803959014
"353",6,5,1939,1577,3,1,6,1,312,0,0,10,2006,11.8508252535826
"354",6,5,1960,1478,3,1,6,2,498,40,0,12,2009,11.9671807372478
"355",7,5,2003,1626,2,1,6,0,474,27,0,10,2008,11.9447078813958
"356",6,5,1940,1595,2,1,6,2,240,0,0,6,2006,11.8493977015914
"357",5,5,1976,1142,3,1,6,1,528,90,0,8,2007,11.805595078933
"358",6,6,1978,912,2,1,5,1,470,0,0,6,2007,11.9576112862317
"359",5,5,1940,1505,3,1,8,0,240,0,0,7,2008,11.8844890214027
"360",5,7,1920,1344,3,1,6,0,468,128,0,7,2009,11.8981878657609
"361",6,5,1963,1394,3,1,6,2,514,76,0,7,2009,11.9766594812024
"362",5,6,1954,1268,2,1,7,1,244,98,0,3,2010,11.7905572015685
"363",5,7,1959,1287,3,1,7,1,576,17,0,3,2010,11.9953516142145
"364",4,4,1959,1588,4,1,7,1,680,59,0,7,2008,11.8088137739691
"365",5,5,1996,914,2,1,5,0,576,0,0,7,2006,11.9049675527463
"366",4,4,1976,1620,3,1,8,1,490,78,0,6,2009,11.9183905730784
"367",5,5,1955,1056,3,1,5,0,572,0,0,1,2006,11.8844890214027
"368",6,7,1978,1400,3,1,6,1,440,0,0,3,2006,11.9150516718129
"369",5,6,1968,1056,3,1,6,1,304,85,0,7,2010,11.8635823365834
"370",6,5,1956,1196,2,1,6,1,297,44,0,5,2008,11.8422292121128
"371",7,8,1946,1389,3,1,6,2,240,0,0,9,2009,11.8130300574206
"372",8,7,1925,1666,3,1,7,1,228,63,0,6,2008,11.9891596439666
"373",5,7,1942,1644,3,1,7,2,312,0,0,6,2007,11.8947807074393
"374",6,5,2005,1072,2,1,5,0,525,28,0,6,2008,11.9049675527463
"375",5,6,1963,970,2,1,5,0,624,24,0,7,2007,11.7943379244084
"376",7,8,1915,1826,4,1,7,1,164,0,0,6,2009,11.9511803959014
"377",5,7,1950,1113,3,1,5,1,264,80,0,7,2009,11.8981878657609
"378",5,7,1965,1073,3,1,6,0,515,0,0,6,2007,11.9576112862317
"379",5,4,1900,2414,3,2,10,1,520,0,0,5,2006,11.982929094216
"380",6,7,1941,1578,3,1,5,2,240,0,0,8,2006,11.7981044072039
"381",5,6,1960,1269,3,1,6,1,308,0,0,6,2008,11.9511803959014
"382",5,7,1967,899,3,1,5,0,288,0,0,6,2009,11.7752897294377
"383",5,7,1965,1214,2,1,6,0,461,0,0,4,2007,11.8493977015914
"384",6,5,1974,1322,3,1,6,1,440,0,0,6,2009,11.8981878657609
"385",7,9,1928,1378,3,1,7,1,360,0,0,10,2008,11.9891596439666
"386",6,5,1983,1080,3,1,5,0,484,0,0,6,2007,11.805595078933
"387",6,6,1972,2119,3,1,7,1,583,104,0,8,2009,11.9703503120091
"388",6,6,1957,1244,3,1,6,2,336,40,0,5,2007,11.9183905730784
"389",6,7,1947,1664,3,1,7,2,420,24,0,10,2006,11.9766594812024
"390",5,7,1956,928,2,1,4,0,252,0,0,6,2007,11.7905572015685
"391",5,5,1968,1159,3,1,7,1,336,0,0,7,2006,11.9703503120091
"392",7,5,1998,767,1,1,4,0,367,40,0,6,2007,11.7981044072039
"393",5,5,1957,1092,2,1,6,1,299,0,0,5,2006,11.8565151693603
"394",5,5,1979,943,2,1,4,2,600,0,0,12,2006,11.8201160038101
"395",5,5,1965,1728,6,2,10,0,576,0,0,11,2008,11.8677987869623
"396",5,7,1971,1109,3,1,5,0,288,0,0,12,2007,11.8422292121128
"397",7,5,2007,1392,2,1,5,0,540,102,0,2,2008,11.8913619006905
"398",5,5,1954,1795,4,1,7,0,352,0,0,11,2008,11.7867621306
"399",4,7,1935,1573,3,1,6,0,240,0,0,7,2009,11.7981044072039
"400",6,7,1918,838,2,1,5,0,275,0,0,5,2008,11.7752897294377
"401",5,6,1982,860,2,1,4,0,528,0,0,7,2009,11.8277362048103
"402",5,8,1968,1473,1,1,5,2,452,48,0,6,2009,11.870599909242
"403",5,8,1982,816,2,1,4,0,816,0,0,6,2008,11.8350089641393
"404",6,5,2003,848,1,1,4,0,420,0,0,5,2009,11.8493977015914
"405",6,6,1980,1556,3,1,6,1,452,0,0,7,2008,11.9250351157971
"406",6,6,1937,1375,3,1,6,1,544,162,0,12,2007,11.8565151693603
"407",7,5,2004,1200,2,1,4,0,480,172,0,6,2010,11.9250351157971
"408",5,5,1996,1040,3,1,6,0,576,0,0,11,2009,11.9316357998284
"409",6,6,1978,1032,3,1,6,1,564,0,0,7,2007,11.9049675527463
"410",5,5,2007,1120,3,1,6,0,0,30,0,12,2007,11.8981878657609
"411",6,7,1963,1054,3,1,6,0,480,0,0,5,2010,11.8313791960888
"412",6,5,1980,1056,0,2,4,0,576,56,0,6,2010,11.8775685785581
"413",5,5,1969,1620,4,1,7,0,462,0,0,4,2007,11.9316357998284
"414",6,5,1971,981,3,1,5,0,576,312,0,3,2007,11.872346634577
"415",6,5,1953,1094,3,1,5,2,495,0,0,6,2008,11.9511803959014
"416",6,5,1966,1839,4,1,7,1,442,124,0,6,2010,11.9511803959014
"417",6,7,1906,1469,3,1,7,0,216,0,0,6,2008,11.8130300574206
"418",5,7,1959,1053,3,1,5,0,312,0,0,8,2008,11.8879313655937
"419",7,6,1931,1502,3,1,6,1,270,0,0,2,2008,11.9117015849276
"420",4,5,1972,1181,3,1,6,0,588,0,0,4,2008,11.8313791960888
"421",4,5,1922,1180,2,1,5,1,252,0,0,7,2006,11.8313791960888
"422",6,6,1965,1136,3,1,5,1,384,0,0,7,2008,11.8493977015914
"423",6,6,1978,1441,3,1,7,1,440,0,0,4,2009,11.9083402372249
"424",5,5,1932,1520,3,1,6,0,281,0,0,7,2009,11.9793853224676
"425",7,5,2004,1102,2,1,4,0,480,60,0,3,2007,11.9103584013811
"426",5,6,1936,1539,3,1,5,0,576,0,0,4,2009,11.8600549960654
"427",5,8,1965,894,3,1,5,1,336,144,0,4,2010,11.8386256046095
"428",7,5,1969,1164,3,1,6,0,528,0,0,7,2006,11.8493977015914
"429",5,9,1900,1812,4,2,8,1,672,0,0,5,2010,11.8493977015914
"430",6,8,1976,1479,3,1,6,0,475,44,0,3,2010,11.7791285057449
"431",7,8,1890,2554,3,1,8,0,704,48,0,7,2007,11.979799201207
"432",5,6,1973,1178,3,1,5,1,439,0,0,11,2008,11.9640010843304
"433",6,5,2004,848,1,1,3,0,420,0,0,5,2010,11.870599909242
"434",4,6,1954,1470,4,1,7,0,548,0,0,5,2008,11.8130300574206
"435",7,7,1914,1768,2,1,6,2,320,341,0,10,2006,12.0015054797889
"436",5,7,1910,1432,2,1,7,0,360,0,0,5,2007,11.7905572015685
"437",6,8,1961,912,3,1,5,0,288,0,0,5,2008,11.8635823365834
"438",7,5,2003,1320,3,1,6,0,400,48,0,8,2007,11.9953516142145
"439",6,8,1969,1026,3,1,5,0,440,48,0,7,2009,11.9576112862317
"440",6,5,1978,1386,3,1,6,1,440,0,0,4,2010,11.9760303525248
"441",6,7,1940,1750,4,1,7,0,423,0,0,7,2008,11.982929094216
"442",5,5,1982,858,2,1,5,0,576,0,0,4,2009,11.8122890421958
"443",6,5,1998,1204,2,1,5,0,412,247,0,6,2009,11.9953516142145
"444",5,5,1977,2020,4,2,10,2,630,0,0,10,2007,11.8775685785581
"445",6,5,1977,1004,2,1,4,0,504,0,0,5,2006,11.8130300574206
"446",6,5,1967,1342,3,1,7,1,457,0,0,9,2009,11.9922604216448
"447",5,6,1915,1652,4,1,7,0,416,0,0,6,2010,11.8422292121128
"448",7,5,2005,1145,2,1,5,1,397,16,0,9,2009,11.9841783136164
"449",6,5,1976,1062,3,1,5,2,539,0,0,5,2007,11.8968263951626
"450",6,5,1977,1285,3,1,7,1,528,0,0,4,2007,11.8740903141818
"451",5,5,1967,980,3,1,6,0,384,0,0,10,2006,11.8167269193019
"452",5,5,1966,1086,3,1,6,1,484,0,0,6,2006,11.9826165453777
"453",6,5,2004,848,1,1,4,1,420,0,0,6,2008,11.8810347865346
"454",6,6,1958,1442,4,1,7,0,301,0,0,4,2007,11.9697172002437
"455",5,6,1954,1008,2,1,4,1,275,0,0,7,2006,11.8277362048103
"456",6,7,1971,1052,3,1,6,0,440,0,0,6,2010,11.9511803959014
"457",6,7,1940,1489,3,1,7,1,240,0,0,7,2009,11.8458198802436
"458",7,5,2005,1223,2,1,4,0,480,166,0,7,2006,11.9009052587374
"459",7,5,2005,1200,2,1,4,0,480,166,0,6,2006,11.9250351157971
"460",5,6,1961,1144,3,1,6,0,456,0,0,9,2008,11.8490404949436
"461",5,6,1948,1559,2,1,5,0,812,116,0,6,2007,11.9414558460094
"462",5,6,1995,1099,3,1,6,0,352,0,0,6,2008,11.8775685785581
"463",5,6,1946,1200,3,1,6,0,240,0,0,5,2008,11.7791285057449
"464",6,8,1925,1482,4,1,7,0,400,0,0,3,2008,11.8493977015914
"465",5,4,1961,1800,6,2,10,0,0,0,0,7,2007,11.8565151693603
"466",5,8,1915,1416,4,1,7,1,720,0,0,6,2008,11.944058319827
"467",6,5,2003,848,1,1,3,0,420,0,0,11,2007,11.7867621306
"468",6,6,1964,1445,3,1,7,1,645,0,0,8,2009,11.9703503120091
"469",6,6,1978,1026,3,1,5,0,576,0,0,10,2008,11.8981878657609
"470",5,6,1970,1002,3,1,5,0,902,0,0,8,2009,11.9083402372249
"471",5,7,1949,1268,3,1,6,1,288,28,0,9,2009,11.7981044072039
"472",4,5,1963,1040,3,1,5,0,648,0,0,1,2007,11.7924493497205
"473",5,7,1961,1155,3,1,6,0,576,0,0,6,2010,11.9049675527463
"474",5,8,1978,864,3,1,6,0,336,0,0,7,2009,11.8240798936072
"475",5,5,2005,1090,2,1,5,0,450,49,0,6,2007,11.9640010843304
"476",5,5,1959,1712,4,2,8,0,588,54,0,6,2006,11.8844890214027
"477",5,7,1955,1393,3,1,8,0,300,0,0,4,2008,11.8167269193019
"478",6,4,1953,1505,2,1,6,1,505,0,0,2,2009,11.9150516718129
"479",6,8,1963,1068,3,1,6,0,264,0,0,2,2006,11.9479493753199
"480",5,5,1979,2240,6,2,12,0,528,0,0,6,2009,11.8702711838891
"481",5,7,1957,1306,2,1,5,0,756,0,0,5,2009,11.9381932003746
"482",5,5,1983,902,2,1,5,0,484,0,0,6,2006,11.7829526021833
"483",5,7,1977,1268,3,1,5,0,252,0,0,10,2009,11.8740903141818
"484",4,6,1956,1229,3,1,6,0,284,0,0,4,2009,11.8130300574206
"485",6,5,1976,1728,4,2,8,0,574,0,0,7,2006,11.9243726447559
"486",5,4,1967,1632,4,2,8,0,576,0,0,6,2007,11.870599909242
"487",6,6,1958,1344,3,1,7,1,525,118,0,1,2009,11.8313791960888
"488",5,6,1959,1144,3,1,6,1,796,0,0,3,2006,11.870599909242
"489",5,8,1972,768,2,1,5,0,396,0,0,4,2009,11.8048485316793
"490",6,6,1946,1958,4,2,8,0,492,0,0,8,2007,11.8844890214027
"491",5,5,1962,1057,3,1,6,0,576,0,0,4,2007,11.7905572015685
"492",7,5,1999,1416,3,1,6,0,484,44,0,5,2010,11.9511803959014
"493",6,6,1976,1548,3,1,7,1,440,0,0,7,2007,11.9511803959014
"494",5,7,1955,1098,3,1,6,0,260,0,0,7,2008,11.8130300574206
"495",6,5,1958,1095,2,1,6,0,264,0,0,3,2006,11.8493977015914
"496",4,4,1949,1192,4,1,6,0,0,0,0,12,2006,11.8130300574206
"497",5,6,1963,1121,3,1,5,0,480,80,0,6,2009,11.8422292121128
"498",7,5,2007,1266,2,1,6,1,388,16,0,3,2008,11.9822726287897
"499",5,6,1961,1050,3,1,6,0,368,319,0,1,2006,11.8240798936072
"500",5,6,1976,1680,4,2,8,0,528,0,0,6,2007,11.8270425336191
"501",5,5,1948,1271,4,1,7,1,312,0,0,8,2008,11.8130300574206
"502",5,4,1957,1803,3,1,8,1,484,0,0,1,2006,11.9511803959014
"503",3,5,1955,1733,4,1,8,1,452,0,0,6,2009,11.8465364693104
"504",5,5,1994,990,3,1,5,0,672,0,0,2,2008,11.8844890214027
"505",5,6,1957,1526,4,1,7,1,364,78,0,5,2010,11.8810347865346
"506",5,6,1966,1154,3,1,6,1,480,58,0,11,2009,11.9447078813958
"507",6,4,1973,2521,5,1,10,1,576,20,0,6,2006,11.9276806199855
"508",5,7,1949,893,2,1,4,0,576,0,0,5,2007,11.8130300574206
"509",6,6,1968,1556,4,1,8,0,441,0,0,5,2009,11.9447078813958
"510",6,6,1977,1426,3,1,6,0,440,0,0,7,2009,11.979799201207
"511",5,5,1969,1096,3,1,6,0,299,32,0,3,2006,11.8407893270548
"512",6,5,2004,848,1,1,3,1,420,0,0,5,2006,11.9569700550459
"513",6,7,1971,1258,3,1,5,0,528,0,0,10,2008,11.8844890214027
"514",5,5,1963,1040,3,1,5,0,308,0,0,6,2010,11.7981044072039
"515",6,6,1992,996,2,1,5,0,564,0,0,4,2010,11.8981878657609
"516",7,5,2004,1709,3,1,7,0,380,40,0,4,2006,11.8313791960888
"517",7,5,1999,1252,2,1,4,0,462,48,0,3,2008,11.982929094216
"518",7,5,1978,1601,3,1,7,1,478,0,0,4,2009,11.9640010843304
"519",5,7,1960,1134,2,1,6,0,254,16,0,4,2007,11.8130300574206
"520",6,6,1959,1194,3,1,6,1,539,0,0,7,2006,11.979799201207
"521",5,7,1953,1008,2,1,6,0,240,18,0,5,2007,11.809319478024
"522",5,7,1967,894,3,1,5,0,450,0,0,5,2008,11.7752897294377
"523",5,6,1958,1601,3,1,6,0,300,34,0,12,2008,11.8493977015914
"524",5,5,1959,1040,3,1,6,0,286,0,0,7,2006,11.80335376309
"525",5,5,1980,936,2,1,4,0,672,0,0,8,2007,11.8493977015914
"526",4,3,1928,1981,4,1,7,2,576,44,0,12,2009,11.8130300574206
"527",5,5,1920,1167,3,1,6,1,495,0,0,5,2007,11.8775685785581
"528",5,7,1951,952,2,1,4,0,840,0,0,6,2008,11.8422292121128
"529",5,6,1928,1576,3,1,8,1,225,0,0,8,2006,11.9117015849276
"530",7,9,1920,1482,3,1,7,0,324,0,0,7,2009,11.870599909242
"531",5,4,1959,1466,3,1,6,2,528,140,0,11,2006,11.9177236840907
"532",6,6,1958,1261,3,1,6,1,433,0,0,11,2008,12.0015054797889
"533",6,7,1969,1352,4,1,7,0,299,36,0,3,2010,11.9703503120091
"534",7,6,1916,1690,3,1,7,1,225,0,0,7,2006,11.8775685785581
"535",4,5,1963,1382,3,1,6,1,459,82,0,10,2006,11.9049675527463
"536",5,7,1962,1283,3,1,6,0,506,0,0,10,2008,11.8493977015914
"537",4,9,1965,960,0,1,3,0,364,0,0,5,2006,11.8844890214027
"538",5,5,1962,999,3,1,6,0,300,72,0,5,2006,11.809319478024
"539",5,5,1968,1211,3,1,5,1,322,63,0,8,2008,11.805595078933
"540",6,6,1949,1846,3,1,7,1,315,0,0,1,2007,11.870599909242
"541",5,3,1951,2136,4,1,7,0,528,30,0,10,2006,11.8342840637814
"542",6,8,1958,1138,3,1,6,0,264,0,0,6,2007,11.8844890214027
"543",5,8,1965,912,2,1,5,0,576,240,0,12,2008,11.8981878657609
"544",5,5,1959,1188,3,1,6,0,531,0,0,5,2010,11.8635823365834
"545",5,6,1911,1964,4,1,7,0,0,192,0,11,2008,11.7752897294377
"546",5,5,1914,1784,4,1,9,0,180,40,0,7,2006,11.8414159318498
"547",6,5,2005,1141,3,1,6,0,484,0,0,3,2006,11.8670972786908
"548",5,5,1958,1524,3,1,7,0,315,0,0,7,2007,11.8775685785581
"549",5,6,1965,935,3,1,5,0,288,0,0,11,2006,11.8277362048103
"550",5,6,1910,1250,3,1,8,1,552,0,0,11,2007,11.8422292121128
"551",5,7,1977,1040,3,1,5,0,484,0,0,9,2009,11.9217183631711
"552",6,5,1971,1824,4,2,8,0,0,0,0,4,2010,11.8422292121128
"553",6,6,1939,1412,4,1,6,1,280,0,0,5,2009,11.7943379244084
"554",6,5,1963,1328,3,1,6,2,528,26,0,6,2010,11.870599909242
"555",7,5,1976,1664,4,1,8,1,528,28,0,3,2006,12.0008917945901
"556",5,5,1968,1052,3,1,5,0,288,0,0,11,2006,11.8386256046095
"557",5,6,1963,1128,3,1,6,0,525,20,0,12,2008,11.9511803959014
"558",6,5,2005,1072,2,1,5,0,525,44,0,6,2006,11.8493977015914
"559",10,5,2008,5642,3,1,12,3,1418,292,480,1,2008,11.982929094216
"560",5,7,1959,1246,3,1,6,0,305,0,0,5,2010,11.9447078813958
"561",7,5,2004,1708,3,1,7,0,380,40,0,4,2006,11.7752897294377
"562",5,5,1994,990,3,1,5,0,480,64,0,5,2009,11.8350089641393
"563",5,7,1948,1122,2,1,6,0,528,36,0,5,2008,11.8981878657609
"564",6,3,1957,1478,3,1,6,2,442,0,0,6,2009,11.9608112889623
"565",5,5,1976,954,3,1,6,0,576,0,0,7,2006,11.7943379244084
"566",5,5,1973,1656,4,2,8,0,506,211,0,11,2008,11.8130300574206
"567",6,5,2003,1114,3,1,6,0,576,78,0,7,2008,11.9511803959014
"568",7,5,2006,1456,3,1,8,1,440,0,0,7,2007,11.9565530341727
"569",6,9,1937,1176,2,1,4,0,624,0,0,7,2009,11.8122890421958
"570",5,6,1971,1078,3,1,6,1,500,0,0,4,2010,11.9177236840907
"571",7,5,2005,1200,2,1,4,0,480,166,0,4,2006,11.8786235774066
"572",6,5,2003,848,1,1,4,0,420,0,0,6,2009,11.8775685785581
"573",7,7,1920,1762,4,1,8,0,576,0,0,10,2006,11.9640010843304
"574",6,7,1916,2526,5,1,10,1,216,15,0,8,2007,11.8204101647182
"575",6,6,1941,1218,3,1,6,1,440,0,0,3,2007,11.7829526021833
"576",5,5,1948,1687,3,1,7,2,572,0,0,6,2010,11.982929094216
"577",5,8,1920,1513,4,1,8,0,180,0,0,5,2007,11.8313791960888
"578",5,4,1950,1904,3,1,7,0,240,0,0,5,2009,11.8350089641393
"579",6,6,1925,1608,3,1,7,1,216,16,0,10,2009,11.8310154935934
"580",5,5,1958,1344,2,1,6,1,484,28,0,6,2007,11.8775685785581
"581",5,5,1977,1126,3,1,5,1,484,41,0,5,2006,11.982929094216
"582",6,7,1957,1236,2,1,6,0,923,158,0,4,2010,11.9163885704077
"583",6,5,2004,848,1,1,3,1,420,0,0,5,2008,11.9137129835273
"584",5,7,1962,1188,3,1,6,0,312,39,0,4,2010,11.9697172002437
"585",5,5,1974,1792,4,2,8,0,0,45,0,9,2009,11.8204101647182
"586",7,5,2003,1710,3,1,8,0,548,61,0,2,2008,12.247694320221
"587",6,8,1976,1262,3,1,6,1,460,0,0,5,2007,12.109010932687
"588",5,6,1957,1600,2,1,6,2,319,258,0,12,2006,12.2428866186529
"589",8,5,2007,1234,3,1,7,0,484,30,0,1,2008,12.1001564199386
"590",5,5,1959,1700,4,1,6,1,447,38,0,4,2010,12.0167264737993
"591",6,6,1997,1470,3,1,6,0,388,75,0,7,2007,12.083905011556
"592",6,5,1964,1425,3,1,7,1,576,0,0,7,2008,12.1034860567551
"593",8,5,1999,1739,3,1,7,0,480,0,0,8,2009,12.0581525154536
"594",7,5,2004,1720,3,1,7,0,565,70,0,8,2006,12.1884177102915
"595",7,5,1970,2207,3,1,7,1,576,0,0,7,2010,12.1007121298723
"596",6,6,1968,2142,4,1,8,1,509,72,0,6,2009,12.173032791452
"597",7,5,1995,1474,3,1,7,1,400,72,0,5,2009,12.0346910287746
"598",6,5,2005,1560,3,1,6,1,400,38,0,3,2009,12.0668105781967
"599",6,5,2009,1224,2,1,4,0,528,234,0,6,2009,12.0106658491876
"600",5,7,1921,964,2,1,5,0,432,0,0,8,2009,12.0045682693194
"601",6,8,1993,1470,3,1,6,1,420,63,0,4,2009,12.1281111040605
"602",7,5,1999,1588,3,1,6,0,472,29,0,8,2006,12.273731294004
"603",6,7,1977,1610,3,1,6,2,480,68,0,2,2010,12.2307652581205
"604",6,5,1985,1732,3,1,7,1,476,46,0,6,2010,12.0895388292742
"605",7,5,2009,1226,3,1,6,0,740,36,0,5,2010,12.2005574648421
"606",7,4,1931,1818,4,1,7,2,240,0,0,6,2007,12.0406082058026
"607",6,6,1977,1844,3,1,7,1,546,122,0,1,2010,12.1547793511426
"608",7,5,2000,1430,3,1,7,1,400,0,0,4,2010,12.1007121298723
"609",6,5,1999,1458,2,1,5,1,440,32,0,6,2007,12.0782392740203
"610",6,5,2005,1456,3,1,8,1,390,24,0,7,2006,12.0075607293375
"611",6,5,1969,988,1,1,4,2,540,130,0,10,2006,12.1007121298723
"612",6,5,1979,1586,3,1,7,1,435,0,0,1,2009,12.106252310248
"613",5,6,1968,1721,3,1,7,1,440,96,0,7,2006,12.1007121298723
"614",7,6,1970,1682,3,1,7,1,530,0,0,5,2008,12.0668105781967
"615",7,5,1988,1959,5,2,9,0,766,0,0,7,2006,12.0494188354848
"616",5,4,1952,1385,4,1,6,0,720,0,0,6,2010,12.0197430673387
"617",7,5,1999,1501,3,1,6,0,577,29,0,6,2009,12.2258752728264
"618",5,5,1955,1867,2,1,7,3,303,0,0,11,2009,12.1547793511426
"619",7,5,2004,1720,3,1,7,1,440,48,0,5,2007,12.1199699464768
"620",6,5,1986,1651,3,1,7,1,616,0,0,11,2008,12.1226910365911
"621",6,5,1988,2060,4,1,8,1,521,228,0,9,2007,12.2596134124582
"622",6,5,2000,1525,3,1,5,1,440,0,0,6,2007,12.083905011556
"623",7,6,1920,1802,4,1,9,1,216,0,0,7,2006,12.2065725205718
"624",7,5,2003,2082,3,1,6,0,484,238,0,6,2008,12.2060726455302
"625",7,5,1990,1217,3,1,6,0,497,27,0,6,2009,12.0610468734799
"626",7,9,1972,1479,4,1,7,0,484,32,0,6,2007,12.1226910365911
"627",7,5,1999,1431,3,1,6,0,666,35,0,9,2009,12.1652506510099
"628",6,6,1977,1279,3,1,6,2,473,83,0,2,2008,12.0523385455881
"629",6,5,2009,1212,3,1,6,0,460,22,0,3,2010,12.1335019526953
"630",7,5,2004,1436,3,1,8,0,484,98,0,4,2008,12.2548628096996
"631",7,5,2005,1248,2,1,5,0,438,0,0,3,2006,12.0271851854705
"632",7,5,2006,1498,2,1,5,0,675,33,0,4,2006,12.230277334227
"633",6,5,2002,2267,4,1,8,1,390,46,0,12,2009,12.2060726455302
"634",7,5,2005,1555,2,1,7,1,430,20,0,5,2009,12.16785143271
"635",7,5,2004,1414,3,1,6,0,494,105,0,5,2010,12.1308101610296
"636",7,5,1994,2110,3,1,8,2,463,130,0,5,2010,12.2307652581205
"637",6,5,2004,1640,3,1,6,0,520,45,0,12,2008,12.0610468734799
"638",6,5,2003,1728,3,1,7,0,673,56,0,5,2008,12.2428866186529
"639",6,5,1962,1382,3,1,6,1,884,0,0,5,2009,12.0782392740203
"640",6,5,1997,1511,3,1,8,1,413,75,0,6,2006,12.1281111040605
"641",5,8,1939,2192,4,1,8,1,240,24,0,7,2008,12.0979304869105
"642",7,5,2003,1560,3,1,7,0,573,150,0,4,2010,12.2110601870412
"643",7,5,1977,2022,4,1,8,1,505,117,0,3,2008,12.1652506510099
"644",6,5,2006,1262,2,1,5,0,572,120,0,5,2006,12.1281111040605
"645",7,5,2007,1314,2,1,6,1,626,62,0,4,2009,12.2428866186529
"646",6,5,1992,1575,2,1,5,0,529,0,0,7,2007,12.096257779523
"647",7,5,2006,1250,2,1,5,0,528,54,0,6,2007,12.0118809161657
"648",6,5,1953,1644,3,1,7,2,418,0,0,10,2009,12.0257490913989
"649",6,6,1968,1743,3,1,7,1,539,0,0,6,2007,12.0725412529057
"650",7,5,2001,1541,3,1,6,1,843,81,0,1,2006,12.2307652581205
"651",6,5,1993,1501,3,1,6,1,420,63,0,5,2006,12.0173305209333
"652",7,7,1925,1641,3,1,6,1,546,0,0,8,2006,12.0895388292742
"653",7,5,2004,1432,3,1,6,1,432,51,0,7,2009,12.1468532858702
"654",7,5,1980,1472,3,1,6,2,588,48,0,6,2009,12.1415341243926
"655",7,5,2004,1358,2,1,6,1,484,30,0,7,2008,12.2404740722475
"656",6,5,1998,1638,3,1,7,2,472,38,0,7,2008,12.1652506510099
"657",7,5,2002,1536,3,1,7,0,532,74,0,12,2008,12.273731294004
"658",7,7,1984,1621,3,1,8,0,440,45,0,5,2006,12.2184951655287
"659",8,5,2002,1908,4,1,9,0,431,0,0,4,2010,12.2204685258139
"660",7,5,1986,1453,2,1,6,1,445,80,0,12,2006,12.1547793511426
"661",6,5,1995,1200,3,1,6,0,521,26,0,8,2007,12.0867258878976
"662",6,6,1992,1167,3,1,6,0,400,26,0,7,2009,12.0610468734799
"663",6,5,1976,1574,3,1,6,1,566,111,0,7,2006,12.1547793511426
"664",6,5,1962,1431,3,1,6,1,296,110,0,12,2008,12.0137007528827
"665",6,5,2000,1664,3,1,7,1,460,40,0,1,2006,12.0575726372117
"666",7,5,2006,1301,2,1,5,1,572,121,0,8,2006,12.1428665696264
"667",8,5,2004,1269,2,1,6,1,430,20,0,4,2010,12.1652506510099
"668",7,5,1999,1479,3,1,6,0,577,25,0,7,2008,12.1600287070288
"669",5,5,1962,1812,4,1,8,1,264,168,0,7,2007,12.0406082058026
"670",6,5,1995,1572,3,1,7,1,373,40,0,5,2007,12.0317192583854
"671",6,7,1915,1680,4,1,8,0,308,0,0,3,2008,12.083905011556
"672",7,5,1997,1344,2,2,8,0,784,0,0,11,2008,12.2370866990593
"673",7,5,2007,1208,2,1,6,0,628,54,0,9,2007,12.1828040185908
"674",6,5,1988,1412,3,1,6,1,576,0,0,3,2009,12.0725412529057
"675",7,5,2006,1258,2,1,6,1,648,16,0,6,2007,12.0581525154536
"676",6,6,1966,1888,2,1,6,1,578,0,0,6,2010,12.1547793511426
"677",6,5,1996,1756,3,1,7,0,422,122,0,7,2007,12.2258752728264
"678",5,5,1976,1728,4,2,8,0,560,0,0,7,2006,12.1441972418121
"679",6,7,1934,1660,3,1,6,1,240,0,0,8,2008,12.1479137313566
"680",7,5,2004,1414,2,1,6,1,398,20,0,5,2006,12.0936875149354
"681",7,5,1970,1277,2,1,5,1,526,0,0,4,2007,12.0257490913989
"682",6,5,1993,1710,3,1,7,0,506,70,0,6,2008,12.1388638958367
"683",8,5,1985,1502,1,1,4,0,528,54,0,6,2010,12.2643415536542
"684",7,6,1977,1969,3,1,8,1,534,0,0,11,2007,12.1547793511426
"685",6,5,1997,1493,3,1,7,1,508,39,0,4,2008,12.2496109475447
"686",6,5,1998,1216,2,1,5,0,402,125,0,5,2006,12.0076217068063
"687",5,6,1971,1484,3,1,7,1,487,0,0,2,2007,12.0725412529057
"688",6,5,2006,1456,3,1,8,0,429,0,0,5,2006,12.0598033260287
"689",7,6,1925,1820,4,1,8,0,240,100,0,6,2008,12.1226910365911
"690",6,5,2009,1218,2,1,4,0,676,102,0,9,2009,12.2467346272491
"691",5,7,1951,1363,2,1,6,2,288,42,0,6,2009,12.0130945085477
"692",7,5,2005,1368,2,1,6,1,474,35,0,3,2006,12.2193096485622
"693",6,5,1998,1796,3,1,7,0,546,36,0,5,2007,12.2596134124582
"694",6,3,1957,2515,4,2,9,2,484,0,0,3,2007,12.2091877884303
"695",6,5,1988,1509,3,1,5,1,600,0,0,8,2008,12.0725412529057
"696",8,5,2004,1414,3,1,6,1,403,35,0,10,2006,12.0895388292742
"697",7,5,1998,1680,3,1,7,1,583,73,0,6,2009,12.2702204653539
"698",7,5,1996,1446,3,1,6,1,406,22,0,8,2008,12.0725412529057
"699",5,5,1974,1389,2,1,6,1,418,38,0,4,2006,12.0435537160324
"700",6,7,1918,1674,4,1,8,1,396,36,0,7,2008,12.1281111040605
"701",7,5,2004,1535,3,1,7,0,532,0,0,3,2010,12.273731294004
"702",7,5,2000,1430,3,1,8,1,400,0,0,12,2007,12.0435537160324
"703",5,6,1966,1320,3,1,6,2,564,68,0,5,2006,12.0106658491876
"704",6,6,1960,1429,3,1,7,2,572,110,0,6,2007,12.1112123645062
"705",7,5,2004,1582,3,1,6,0,520,45,0,9,2008,12.1329641737095
"706",7,6,1965,1986,3,1,7,3,486,42,0,10,2009,12.2307652581205
"707",6,5,2002,1509,3,1,7,1,393,75,0,6,2006,12.1183337312222
"708",6,5,2000,1512,2,1,4,1,440,32,0,6,2007,12.0346910287746
"709",6,5,1972,1790,4,1,8,1,484,0,0,11,2006,12.0146094308189
"710",6,5,1964,1350,3,1,6,0,520,0,0,6,2008,12.0346910287746
"711",6,7,1914,3395,8,2,14,0,0,110,0,3,2007,12.2060726455302
"712",7,5,1996,1716,2,1,7,1,512,120,0,7,2009,12.1600287070288
"713",5,7,1964,1486,3,1,7,0,480,0,0,3,2009,12.0257490913989
"714",7,7,1976,1935,3,1,7,1,550,113,0,11,2007,12.1955171315907
"715",5,6,1956,1437,3,1,6,1,576,0,0,11,2006,12.0317192583854
"716",6,6,1977,1208,3,1,6,1,546,42,0,6,2006,12.0137007528827
"717",6,5,1996,1291,2,1,6,1,431,0,0,11,2008,12.0610468734799
"718",7,5,1984,2090,3,1,6,1,577,0,0,9,2007,12.2428866186529
"719",6,5,2005,1362,2,1,6,1,460,28,0,6,2007,12.1792151913603
"720",7,5,2004,1391,2,1,5,0,530,158,0,7,2008,12.1858699382127
"721",7,5,2004,1484,3,1,7,0,606,35,0,5,2010,12.2690474446916
"722",7,5,2007,1456,3,1,8,1,400,24,0,7,2007,12.0981533033107
"723",8,5,1988,1228,2,1,5,1,472,120,0,10,2008,12.1495022940418
"724",7,5,2007,1232,2,1,6,0,632,0,0,2,2009,12.1781874420406
"725",5,5,1987,1200,3,1,5,0,0,0,0,3,2009,12.0951410848229
"726",7,5,2004,1728,3,1,7,0,572,56,0,4,2009,12.1547793511426
"727",7,5,2000,1349,3,1,6,0,539,55,0,12,2007,12.0951410848229
"728",8,5,1993,1337,2,1,5,1,462,0,0,10,2008,12.1007121298723
"729",6,5,1999,1471,3,1,6,0,440,24,0,3,2009,12.0581525154536
"730",8,5,2007,1768,3,1,7,0,578,105,0,4,2009,12.2643415536542
"731",7,5,1999,1501,3,1,6,0,440,0,0,8,2008,12.0973732286068
"732",7,5,1995,1253,3,1,6,1,402,21,0,6,2007,12.0782392740203
"733",6,5,1992,1603,3,1,7,0,484,124,0,7,2006,12.0776709307256
"734",7,5,2001,1430,3,1,6,0,605,33,0,6,2009,12.1393985122622
"735",5,6,1978,1110,1,1,4,1,602,30,0,7,2009,12.0167264737993
"736",6,8,1966,2087,5,1,9,0,444,168,0,7,2007,12.1415341243926
"737",6,6,1980,1564,3,1,7,1,476,50,0,4,2010,12.0494188354848
"738",6,5,1997,1688,4,1,8,0,603,114,0,5,2008,12.2060726455302
"739",7,5,2005,1456,3,1,7,1,410,18,0,10,2008,12.1495022940418
"740",6,6,1974,1309,3,1,5,1,484,0,648,1,2006,12.106252310248
"741",7,5,2003,1640,3,1,6,0,595,45,0,6,2008,12.1172414318236
"742",5,5,1967,2126,3,1,7,0,538,0,0,6,2009,12.1281111040605
"743",6,5,1957,1392,3,1,6,2,458,0,0,6,2008,12.0197430673387
"744",6,6,1964,1516,3,1,6,0,472,0,0,2,2009,12.0257490913989
"745",6,7,1966,1165,3,1,6,0,490,129,0,5,2008,12.0719696610067
"746",5,5,1975,1701,3,1,6,2,611,0,0,1,2007,12.0494188354848
"747",7,5,1993,1775,3,1,7,1,425,72,0,7,2009,12.2690474446916
"748",6,7,1976,1855,3,1,7,1,512,100,0,8,2007,12.1388638958367
"749",7,5,1941,1646,4,1,7,2,240,0,0,8,2007,12.0076217068063
"750",5,4,1955,1779,3,1,6,1,454,418,0,7,2006,12.0435537160324
"751",6,5,1994,1481,3,1,6,1,343,36,0,3,2009,12.0668105781967
"752",7,8,1918,1426,3,1,7,1,216,240,0,6,2007,12.1545161586158
"753",5,6,1948,2320,2,1,7,1,672,144,0,5,2006,12.0376539939052
"754",6,5,1998,1682,3,1,7,0,523,77,0,6,2010,12.2085695257288
"755",6,5,1992,1593,3,1,7,1,389,40,0,12,2009,12.0895388292742
"756",6,5,1978,1683,3,1,7,1,440,0,0,7,2009,12.0581525154536
"757",7,5,2003,1509,3,1,8,1,393,75,0,7,2006,12.1007121298723
"758",6,5,2005,1484,3,1,8,1,390,24,0,6,2009,12.0668105781967
"759",6,5,2009,1224,2,1,4,0,528,234,0,6,2009,12.0652749169136
"760",6,8,1958,1414,3,1,6,1,601,51,0,5,2008,12.0810761553555
"761",6,5,1994,1721,3,1,7,0,471,87,0,7,2007,12.2110601870412
"762",6,5,2005,1316,3,1,6,1,397,0,0,10,2006,12.0434948907728
"763",6,5,1993,1617,2,1,5,1,533,69,0,7,2008,12.170445467887
"764",6,6,1980,1686,3,1,7,1,612,131,0,5,2006,12.2428866186529
"765",7,5,1968,1978,4,1,9,1,486,43,0,4,2008,12.0782392740203
"766",8,5,2007,1466,3,1,7,0,610,18,0,7,2009,12.2110601870412
"767",7,5,2004,1500,3,1,6,0,570,36,0,8,2009,12.1547793511426
"768",7,5,2003,1200,2,1,5,0,555,41,0,8,2009,12.1275704173752
"769",7,5,1999,2060,3,1,8,1,390,0,0,6,2009,12.273731294004
"770",7,5,2002,1776,3,1,7,1,474,96,0,2,2006,12.16785143271
"771",5,4,1969,1968,4,1,7,1,530,189,0,9,2008,12.0552497557956
"772",7,5,2003,1337,3,1,6,0,531,39,0,10,2007,12.1281111040605
"773",6,5,2005,1484,3,1,8,1,393,72,0,7,2007,12.0945822694968
"774",7,5,2003,1626,2,1,6,0,474,27,0,7,2009,12.0610468734799
"775",7,5,2007,1428,3,1,6,0,480,120,0,12,2008,12.1117619660589
"776",7,8,1910,2019,3,1,8,0,532,135,0,10,2009,12.0287386302473
"777",7,9,1961,999,3,1,6,0,588,76,0,7,2008,12.091783499128
"778",6,6,1976,2030,4,1,8,1,551,224,0,6,2007,12.1807548375459
"779",7,5,2006,1576,3,1,6,0,614,50,0,8,2006,12.1909590077201
"780",8,9,1882,1742,4,1,8,1,424,169,0,11,2009,12.0317192583854
"781",6,8,1964,1851,3,1,7,1,440,42,0,7,2007,12.1388638958367
"782",6,6,1970,1442,2,1,6,1,615,0,0,2,2009,12.1281111040605
"783",7,5,2006,1208,2,1,6,0,632,61,0,2,2010,12.2356314477717
"784",7,5,2005,1504,1,1,7,1,457,0,0,5,2009,12.106252310248
"785",6,3,1970,1657,3,1,7,1,484,0,0,3,2007,12.0045682693194
"786",6,7,1923,1502,3,1,7,2,180,0,0,8,2007,12.0137007528827
"787",7,5,1996,1504,3,1,6,1,478,66,0,6,2009,12.2209612580239
"788",4,5,2005,1132,2,1,5,0,451,64,0,6,2008,12.0782392740203
"789",7,5,2006,1220,2,1,6,0,632,54,0,7,2006,12.1756134380455
"790",7,5,2005,1504,2,1,7,1,437,20,0,5,2008,12.1600287070288
"791",5,5,1960,1264,3,1,6,2,461,0,0,4,2010,12.0287386302473
"792",7,3,1920,3082,5,1,12,2,672,63,0,8,2009,12.1909590077201
"793",6,8,1966,1632,4,1,7,0,484,40,0,7,2008,12.0610468734799
"794",6,5,2005,1306,1,1,5,1,624,63,0,8,2009,12.1858699382127
"795",7,5,2007,1302,3,1,6,0,436,22,0,8,2007,12.0809911659083
"796",7,5,2007,1316,3,1,6,1,440,20,0,10,2007,12.2067773971344
"797",6,6,1964,1977,4,1,9,1,540,52,0,6,2007,12.0137007528827
"798",6,5,1976,1523,3,1,7,1,478,0,0,5,2008,12.1007121298723
"799",7,5,2005,1364,2,1,6,1,484,36,0,6,2006,12.1326951757254
"800",8,5,2001,1338,2,1,6,0,582,0,0,4,2010,12.2713921116508
"801",6,7,1993,1571,3,1,7,1,380,40,0,5,2009,12.0895388292742
"802",6,6,1964,1611,4,1,7,0,442,128,0,6,2008,12.0311238430656
"803",5,8,1936,1466,3,1,7,1,566,21,0,4,2006,12.0435537160324
"804",7,5,2002,1459,3,1,6,1,527,39,0,9,2007,12.1652506510099
"805",6,5,1995,1498,3,1,6,1,409,44,0,7,2006,12.1415341243926
"806",8,5,2005,1247,1,1,4,1,550,84,0,4,2006,12.1909590077201
"807",6,5,2006,1314,3,1,6,1,440,22,0,3,2007,12.0806908119985
"808",6,5,2000,1690,3,1,7,1,463,48,0,11,2007,12.106252310248
"809",6,5,1995,1658,3,1,8,1,431,84,0,6,2008,12.1441972418121
"810",8,5,2002,1419,3,1,7,1,527,0,0,3,2009,12.1232343672212
"811",7,5,2005,1552,3,1,7,0,782,20,0,7,2006,12.2685778508816
"812",7,5,1992,1482,3,1,7,1,392,25,0,7,2007,12.0070117647319
"813",7,5,2007,1555,2,1,7,1,660,20,0,6,2009,12.0668105781967
"814",6,5,1997,1600,3,1,7,1,460,38,0,8,2007,12.0376539939052
"815",6,5,1977,1567,2,1,5,2,714,32,0,5,2009,12.1858699382127
"816",5,7,1976,1868,4,1,9,1,484,96,0,10,2009,12.1934938633233
"817",6,5,1985,1298,3,1,5,1,403,26,0,5,2006,12.1007121298723
"818",7,7,1941,1564,3,1,7,1,234,0,0,7,2009,12.0696800206246
"819",7,6,1965,1820,4,1,8,2,492,84,0,5,2008,12.2150323869016
"820",6,6,1974,1876,4,1,8,1,540,69,0,7,2008,12.1281111040605
"821",5,7,1978,1432,2,1,5,1,588,180,0,6,2007,12.1756134380455
"822",6,5,2000,1671,3,1,7,1,472,38,0,2,2006,12.0610468734799
"823",6,6,1977,1118,3,1,6,1,358,0,576,7,2008,12.0494188354848
"824",7,5,2006,1250,2,1,5,0,625,54,0,3,2008,12.0546681913709
"825",5,4,1963,1572,3,1,5,2,995,263,0,5,2007,12.1372583295298
"826",7,5,2002,1660,3,1,7,0,493,68,0,7,2009,12.1807548375459
"827",4,4,1961,1622,3,1,7,1,1356,0,0,3,2007,12.0317192583854
"828",8,5,1999,1441,2,1,5,0,492,0,0,11,2007,12.0668105781967
"829",6,5,1999,1224,2,1,5,0,402,304,0,6,2009,12.0137007528827
"830",6,5,2005,1456,3,1,8,0,400,24,0,7,2008,12.0782392740203
"831",7,5,2001,1212,3,1,6,0,573,0,0,6,2009,12.0895388292742
"832",7,5,1998,1779,3,1,6,0,546,36,0,3,2009,12.1955171315907
"833",6,5,1992,1845,3,1,8,1,462,104,0,5,2010,12.1495022940418
"834",8,7,1988,1752,4,1,8,0,492,12,0,6,2010,12.0076217068063
"835",6,5,2007,1933,4,1,9,1,668,18,0,1,2008,12.273731294004
"836",5,5,1977,2620,4,2,12,1,600,24,0,8,2007,12.1547793511426
"837",7,5,2003,1626,2,1,6,0,474,27,0,6,2010,12.0753943218881
"838",7,5,2004,1948,4,1,8,1,434,48,0,9,2006,12.1807548375459
"839",7,6,1974,1173,3,1,6,2,528,120,0,1,2010,12.0435537160324
"840",6,7,1984,1868,3,1,7,1,477,112,0,1,2007,12.0895388292742
"841",6,5,1976,1034,3,1,6,0,888,0,0,5,2010,12.04296530766
"842",7,5,2005,1166,2,1,5,0,400,0,0,7,2008,12.1547793511426
"843",6,5,1999,1675,3,1,7,1,502,103,0,6,2009,12.106252310248
"844",6,6,1919,1824,3,1,8,1,520,0,0,7,2007,12.1034860567551
"845",6,5,1998,1337,2,1,5,0,511,68,0,8,2008,12.106252310248
"846",7,5,1999,1452,3,1,6,0,506,34,0,3,2006,12.1221474105924
"847",6,7,1968,1489,3,1,7,1,462,0,0,8,2009,12.13215696258
"848",6,7,1959,1357,2,1,5,1,312,0,0,5,2008,12.083905011556
"849",6,5,1967,1724,3,1,7,1,480,0,0,6,2009,12.1955171315907
"850",6,7,1919,2447,4,1,10,1,336,0,0,3,2010,12.0376539939052
"851",5,5,1964,1582,4,1,7,0,390,198,0,6,2006,12.1547793511426
"852",5,7,1964,1152,3,1,6,1,484,0,0,4,2010,12.1034860567551
"853",6,7,1942,1494,3,1,7,2,213,0,0,11,2009,12.0867258878976
"854",7,5,2005,1368,2,1,6,1,474,35,0,9,2006,12.2184951655287
"855",6,5,1991,1294,3,1,6,0,496,51,0,6,2008,12.096257779523
"856",7,5,2005,1274,3,1,6,0,508,98,0,1,2007,12.2209612580239
"857",7,5,1992,1923,3,1,8,1,564,39,0,6,2010,12.1547793511426
"858",7,5,1998,1632,3,1,8,1,462,28,0,6,2006,12.0810761553555
"859",6,6,1928,1913,3,1,9,1,342,0,0,3,2009,12.083905011556
"860",5,5,1969,2634,6,2,12,0,968,0,0,8,2009,12.2060726455302
"861",6,6,1962,1716,4,1,8,1,490,84,0,3,2008,12.0494188354848
"862",6,5,2000,1573,3,1,5,0,440,32,0,6,2010,12.0867258878976
"863",5,6,1921,2601,4,1,8,0,621,0,0,5,2008,12.1495022940418
"864",7,5,1999,1790,3,1,7,0,588,88,0,6,2008,12.170445467887
"865",6,6,1955,1661,3,1,8,1,377,28,0,10,2008,12.0167264737993
"866",5,5,2006,1394,3,1,7,0,400,0,0,5,2008,12.0287386302473
"867",6,5,2004,1593,3,1,8,1,398,75,0,4,2008,12.170445467887
"868",7,5,2006,1294,2,1,6,1,662,55,0,7,2006,12.1749895321164
"869",6,7,1923,1848,4,1,8,1,370,0,0,6,2008,12.2404740722475
"870",7,5,2007,1569,1,1,7,1,660,20,0,5,2009,12.0776709307256
"871",6,6,1968,1416,3,1,7,1,776,169,0,5,2006,12.1001564199386
"872",6,7,1981,1440,3,1,7,1,467,0,0,4,2007,12.116694834379
"873",5,5,2005,1838,4,1,7,1,372,40,0,7,2006,12.1659795519637
"874",6,5,2000,1792,3,1,8,1,451,0,0,5,2008,12.136186518066
"875",6,7,1922,2555,3,1,11,1,672,0,0,9,2008,12.1600287070288
"876",7,5,2004,1221,2,1,6,0,400,113,0,10,2009,12.1281111040605
"877",6,6,1978,2073,3,1,7,2,500,0,0,2,2010,12.2548628096996
"878",7,5,2001,1786,3,1,6,1,608,42,0,9,2008,12.3171666930358
"879",8,5,2000,2198,4,1,9,1,836,84,0,12,2008,12.4292161968444
"880",8,5,2004,1694,3,1,7,1,636,57,0,8,2007,12.6346030265693
"881",9,5,2005,2324,4,1,11,2,736,21,0,7,2006,12.7512996960135
"882",7,5,2006,1494,3,1,7,1,840,33,0,8,2007,12.5407575715773
"883",8,5,2005,2376,4,1,9,1,853,154,0,11,2006,12.6925031124614
"884",8,5,2002,1795,3,1,7,1,534,159,0,9,2008,12.3458345879053
"885",8,5,2007,1600,3,1,7,1,890,56,0,7,2009,12.4541039123522
"886",8,5,2007,1704,3,1,7,1,772,50,0,5,2010,12.6313403809345
"887",9,5,2005,1561,2,1,6,1,556,47,0,8,2007,12.5335762121686
"888",8,5,2004,2452,4,1,9,1,691,32,0,9,2006,12.6410965558799
"889",9,5,2005,1752,2,1,6,1,576,82,0,2,2010,12.6757637259376
"890",7,5,2003,2149,1,1,6,1,670,43,0,8,2009,12.3870850123755
"891",9,5,1981,1842,0,1,5,1,894,72,0,11,2006,12.8609986132699
"892",10,5,2006,2945,3,1,10,1,641,0,0,10,2006,12.9917534274931
"893",7,5,1997,2034,3,1,8,0,645,36,0,2,2009,12.2991075114974
"894",8,5,2004,2473,4,1,9,1,852,151,0,10,2007,12.6666570528594
"895",7,5,2003,1479,3,1,7,0,558,29,0,6,2007,12.3282902782544
"896",7,4,1953,2287,3,1,7,1,667,21,0,7,2006,12.3238556811866
"897",7,6,1973,2223,3,1,8,2,516,0,0,2,2007,12.4049235042753
"898",8,5,2007,1563,3,1,6,1,758,99,0,10,2008,12.4090134895269
"899",8,5,1991,2417,4,1,9,1,462,82,0,4,2006,12.4684369099977
"900",8,5,2003,1992,3,1,9,1,648,45,0,8,2008,12.4292161968444
"901",7,5,2007,2696,4,1,10,1,792,184,0,10,2007,12.8583197035179
"902",6,5,1953,2259,3,1,7,2,450,120,0,10,2007,12.2876526325226
"903",7,5,1990,3222,5,1,11,2,594,0,0,5,2010,12.6760762747759
"904",7,6,1966,2157,4,1,8,2,487,66,0,5,2006,12.3282902782544
"905",6,5,2000,2054,3,1,7,1,390,48,0,7,2009,12.4049235042753
"906",8,5,2001,1296,2,1,6,0,471,25,0,6,2009,12.3013828253345
"907",8,5,1999,1852,3,1,7,2,660,106,0,12,2008,12.3458345879053
"908",6,5,1997,1764,3,1,7,0,470,99,0,8,2009,12.3523351525084
"909",7,5,2005,1734,3,1,7,0,660,24,0,1,2006,12.4684369099977
"910",7,5,2001,2035,3,1,8,1,434,48,0,5,2010,12.3126823805884
"911",8,5,2007,1710,2,1,6,1,866,102,0,1,2008,12.8277291949399
"912",6,7,1960,1252,1,1,4,1,564,0,0,3,2008,12.3673407931263
"913",7,5,2004,1947,3,1,8,1,678,136,0,5,2010,12.4486265903642
"914",9,5,2003,2668,3,1,10,2,726,0,0,3,2008,12.9299914847569
"915",7,5,2005,1541,3,1,7,1,532,70,0,5,2010,12.3013828253345
"916",8,6,1981,1707,2,1,6,1,511,64,0,1,2006,12.3371009079366
"917",6,5,1960,1656,3,1,7,2,528,62,0,5,2010,12.2783933071098
"918",7,7,1987,1767,2,1,5,1,504,35,0,6,2006,12.3842188309136
"919",6,7,1950,2158,4,1,7,1,576,29,0,6,2007,12.4008167223227
"920",9,5,2008,2234,1,1,9,1,1166,60,0,7,2009,13.1260306447518
"921",10,9,1892,3608,4,1,12,2,840,260,0,6,2006,13.0710700830168
"922",8,5,2001,1593,0,1,5,1,682,120,0,8,2008,12.563747089802
"923",8,8,1932,2727,3,1,10,2,440,74,0,12,2007,12.6603279178078
"924",7,5,2007,1726,3,1,8,1,786,138,0,9,2007,12.6503481262032
"925",8,5,2004,1713,3,1,7,1,856,26,0,1,2009,12.5241626741533
"926",7,5,1988,2062,3,1,7,1,454,55,0,4,2007,12.5317727851695
"927",7,5,2009,1852,3,1,7,1,644,108,0,7,2009,12.4398712298317
"928",8,5,1995,2794,4,1,9,1,810,146,0,7,2009,12.9066918409288
"929",6,5,2002,1960,4,1,8,2,440,48,0,5,2010,12.2853458264247
"930",8,5,2007,1694,3,1,7,0,818,228,0,12,2007,12.6698066617623
"931",8,5,2008,1566,3,1,7,0,750,168,0,4,2010,12.4780063610138
"932",7,5,1988,1872,3,1,6,1,604,39,0,6,2006,12.3946247520748
"933",6,7,1958,2144,4,1,7,2,389,98,0,6,2007,12.5317727851695
"934",7,5,1999,2291,4,1,8,1,429,0,0,2,2006,12.3458345879053
"935",7,5,2001,1792,3,1,7,1,564,96,0,5,2008,12.3523351525084
"936",8,5,2006,1939,3,1,8,1,1053,51,0,8,2006,12.4912515877638
"937",7,7,1954,1363,2,1,5,2,439,0,0,4,2008,12.3946247520748
"938",8,7,1999,2270,4,1,9,1,671,57,0,4,2010,12.5776362019627
"939",7,6,1989,1982,3,1,7,1,575,84,0,1,2007,12.3392914893164
"940",8,5,2008,1468,3,1,6,1,898,150,0,12,2009,12.4073795022352
"941",8,5,2006,1919,3,1,8,1,685,51,0,7,2006,12.3597803701244
"942",8,5,1998,2452,4,1,9,1,683,50,0,5,2007,12.4950039373824
"943",7,5,1990,2243,4,1,8,1,746,44,0,6,2007,12.3238556811866
"944",7,5,1993,2646,4,1,9,1,656,60,0,4,2009,12.4684369099977
"945",9,5,2006,2596,4,1,9,0,840,154,0,9,2006,12.7444443677961
"946",8,5,2004,2468,4,1,10,1,872,154,0,6,2007,12.7770521921159
"947",7,5,1986,2730,4,1,8,1,576,96,0,8,2007,12.614865543731
"948",7,7,1967,2978,5,1,11,1,564,0,0,6,2010,12.3966930051388
"949",8,5,1993,1719,1,1,6,2,473,30,0,5,2008,12.6884987947745
"950",6,6,1916,2134,5,1,10,0,441,60,0,7,2009,12.2760650173502
"951",8,5,2003,1629,3,1,7,1,880,0,0,10,2009,12.5567295171433
"952",5,6,1965,1786,3,1,7,2,529,0,0,8,2008,12.3412589180852
"953",9,5,2005,1922,3,1,8,1,676,51,0,7,2007,12.8411298019654
"954",9,5,2005,1684,2,1,6,1,564,72,0,7,2008,12.4912515877638
"955",9,5,2005,2728,4,1,10,2,706,0,0,4,2006,12.9880408147445
"956",9,5,2007,1869,2,1,6,1,617,54,0,12,2007,12.6699984672658
"957",8,5,1998,1924,3,1,7,1,592,75,0,6,2006,12.5425448821514
"958",7,5,2003,1928,4,1,8,1,434,48,0,7,2007,12.2991075114974
"959",8,5,2004,2466,4,1,8,1,610,214,0,12,2007,12.7367008965923
"960",6,5,1992,1953,3,1,9,2,501,231,0,6,2007,12.3883942023241
"961",6,5,2001,1961,3,1,7,1,560,192,0,6,2009,12.2783933071098
"962",8,5,1996,1288,1,1,4,2,500,30,0,12,2008,12.4110522262167
"963",8,5,1998,2263,4,1,10,1,420,123,0,7,2006,12.4607148639038
"964",7,5,2006,2172,3,1,9,1,947,62,0,8,2007,12.5425448821514
"965",8,5,2007,2078,3,1,8,1,836,102,0,4,2008,12.7359653320134
"966",7,5,1993,2097,3,1,9,1,678,187,0,12,2008,12.3371009079366
"967",6,6,1918,2624,4,1,10,1,864,0,0,11,2007,12.3842188309136
"968",6,7,1977,1602,3,1,8,1,529,0,0,6,2009,12.2783933071098
"969",8,5,1998,2630,4,1,8,1,696,66,0,6,2008,12.6603279178078
"970",10,5,2008,2402,2,1,10,2,672,72,0,4,2009,13.2267233927286
"971",7,5,1975,1533,2,1,5,2,576,54,0,12,2006,12.5425448821514
"972",4,6,1954,1663,2,1,6,2,529,137,0,3,2008,12.4529327234617
"973",8,5,2006,1634,3,1,7,1,866,44,0,5,2007,12.4292161968444
"974",8,5,2006,1976,2,1,7,1,908,63,0,7,2007,12.9945300058944
"975",8,5,2000,1652,2,1,6,0,499,48,0,8,2007,12.4332082181139
"976",9,5,2006,2643,3,1,9,1,694,84,0,3,2007,12.8479265317026
"977",8,5,2007,1718,3,1,7,1,826,44,0,9,2009,12.6014874177848
"978",9,5,2004,1850,3,1,8,1,772,112,0,3,2006,12.6946526603488
"979",9,5,2003,1792,2,1,6,1,874,49,0,8,2006,12.8320110763967
"980",8,5,1992,3228,4,1,10,1,546,75,0,5,2007,12.9715404876697
"981",7,8,1959,1801,1,1,6,2,484,54,0,3,2010,12.5741819670946
"982",8,5,1993,1911,3,1,8,1,471,81,0,9,2006,12.2783933071098
"983",10,5,2009,2020,3,1,9,1,900,54,0,9,2009,12.9063468682812
"984",7,5,1996,2344,3,1,7,1,889,0,0,7,2009,12.4874851049684
"985",7,9,1926,2080,3,1,9,2,282,0,0,6,2009,12.3630763943398
"986",7,5,1996,2398,3,1,8,1,834,60,0,8,2007,12.6627060402127
"987",9,5,2008,2713,3,1,11,1,858,66,0,11,2008,13.0086592616321
"988",8,5,2001,1601,3,1,6,1,670,0,0,5,2010,12.5135573452781
"989",7,5,1988,2183,4,1,9,0,786,0,0,2,2006,12.3414772825364
"990",7,5,2003,2094,4,1,8,1,615,182,0,11,2009,12.4799093111599
"991",8,5,2006,1717,3,1,7,1,908,39,0,7,2009,12.4509776886259
"992",7,5,2003,2046,3,1,8,1,871,62,0,8,2008,12.5567295171433
"993",7,5,2003,1557,2,1,7,1,420,20,0,10,2006,12.3630763943398
"994",7,5,1992,2295,4,1,9,1,590,40,0,7,2006,12.498742259493
"995",9,5,2005,2504,4,1,11,1,656,39,0,6,2008,12.6915804613119
"996",8,8,1983,2132,1,1,5,1,612,40,0,9,2009,12.665394426429
"997",7,5,2009,1692,3,1,6,0,650,114,0,7,2009,12.3216309861644
"998",8,5,2008,2042,3,1,8,1,1390,90,0,8,2009,12.4423022003927
"999",10,9,1893,2775,3,1,9,1,880,502,0,7,2008,12.6915804613119
"1000",8,5,2005,2028,2,1,7,2,880,66,0,3,2006,12.8209879778205
"1001",10,5,2008,2296,3,1,10,1,842,274,0,6,2009,13.0213268332266
"1002",8,5,2005,1904,3,1,8,1,736,60,0,6,2006,12.5245263766487
"1003",8,5,1992,1915,3,1,8,1,506,150,0,2,2006,12.3013828253345
"1004",7,5,2002,1494,3,1,6,1,530,36,0,9,2008,12.3059179804999
"1005",8,6,1934,3194,4,1,10,2,380,0,0,9,2007,12.7913561802142
"1006",9,5,2000,2153,3,1,8,2,736,142,0,5,2009,12.6539584695223
"1007",8,5,2001,1872,3,1,7,1,531,122,0,11,2009,12.4741895624871
"1008",9,5,2007,1828,3,1,9,1,774,108,0,7,2007,12.6597340907337
"1009",8,5,2003,2262,4,1,10,2,749,0,0,8,2008,12.6280670555895
"1010",6,7,1974,2614,4,1,9,1,624,243,0,6,2008,12.3883942023241
"1011",8,5,2006,1567,1,1,7,1,648,0,0,10,2006,12.4858271275094
"1012",8,5,2003,1518,1,1,6,1,588,140,0,4,2008,12.5208833853702
"1013",7,5,2001,1929,3,1,7,1,650,235,0,5,2007,12.3282902782544
"1014",9,5,2009,1766,2,1,7,1,478,130,0,10,2009,12.8236284465392
"1015",8,6,1995,2113,2,1,7,1,839,46,0,8,2008,12.7656884334656
"1016",8,7,1994,2448,4,1,8,1,711,76,0,7,2009,12.9042073676012
"1017",8,5,2005,2097,1,1,8,1,1134,267,0,1,2006,12.9551274580284
"1018",8,5,2000,1936,3,1,7,1,504,124,0,11,2006,12.3480061414188
"1019",6,7,1957,1839,3,1,7,2,416,87,0,6,2007,12.4587749990859
"1020",8,5,2008,2046,3,1,7,1,834,82,0,7,2009,12.8279923168018
"1021",9,5,2002,1668,3,1,7,1,702,45,0,7,2007,12.5602444592508
"1022",7,5,1998,1839,4,1,7,0,486,81,0,6,2010,12.3059179804999
"1023",7,6,2007,1761,3,1,7,0,578,105,0,8,2007,12.336552511981
"1024",8,6,2007,1419,2,1,7,1,567,0,0,10,2007,12.8790171187726
"1025",8,5,2002,1800,3,1,7,1,765,78,0,5,2006,12.6523597481586
"1026",8,5,2006,2576,4,1,10,1,666,100,0,7,2006,12.7991757088645
"1027",7,5,1971,1824,2,1,5,2,739,48,0,6,2007,12.618182296357
"1028",7,5,1993,2418,3,1,9,1,983,154,0,8,2008,12.7396377562657
"1029",9,5,2007,1698,3,1,8,1,768,64,0,2,2009,12.6760762747759
"1030",6,9,1988,1680,3,1,5,1,540,44,0,12,2009,12.3104326608544
"1031",7,5,1998,2031,3,1,8,1,541,84,0,7,2008,12.3126823805884
"1032",7,5,2000,2256,4,1,8,1,554,54,0,4,2009,12.3715870840077
"1033",7,7,1880,2640,4,1,8,1,864,0,0,5,2009,12.4911726372789
"1034",7,5,1996,1720,3,1,7,1,527,56,0,3,2010,12.4699741893166
"1035",8,5,2005,2098,3,1,8,1,878,52,0,3,2006,12.5263429075751
"1036",8,5,1995,2531,4,1,9,1,752,98,0,11,2007,12.5776362019627
"1037",7,5,2009,1547,3,1,7,0,614,45,0,6,2010,12.2793231072698
"1038",8,5,1999,2365,3,1,8,1,856,128,0,7,2009,12.7278382093345
"1039",8,5,1995,1494,2,1,6,1,481,30,0,4,2006,12.5061772379805
"1040",7,5,2004,1836,3,1,8,1,484,33,0,10,2006,12.2869011981928
"1041",8,5,2006,1973,3,1,9,1,895,45,0,7,2007,12.8866410438833
"1042",7,5,2005,1614,3,1,7,0,865,59,0,7,2006,12.3081778684673
"1043",7,5,2004,2084,4,1,8,0,618,45,0,1,2010,12.3587937325478
"1044",7,5,1996,2013,3,1,8,1,455,130,0,6,2007,12.5053991575767
"1045",9,5,2008,2822,4,1,12,1,1020,170,0,1,2009,13.2758275359155
"1046",7,5,2008,1428,3,1,6,0,554,60,0,7,2008,12.3356964133237
"1047",5,6,1923,1576,3,1,6,1,528,312,0,5,2009,12.3171666930358
"1048",7,5,1998,1661,3,1,6,0,598,34,0,5,2010,12.3234111379474
"1049",8,5,2002,1689,3,1,7,2,857,59,0,7,2008,12.5098740998618
"1050",7,5,2003,1733,3,1,7,1,433,48,0,10,2007,12.3238556811866
"1051",8,5,2006,1489,3,1,7,1,776,140,0,6,2006,12.3570755190667
"1052",10,5,2007,2084,2,1,7,1,1220,45,0,6,2008,12.8609986132699
"1053",7,6,2003,1829,3,1,7,1,613,39,0,1,2010,12.3758154201173
"1054",8,5,2003,1456,2,1,7,1,400,20,0,5,2006,12.2783933071098
"1055",6,7,1968,2654,4,1,9,1,619,65,0,8,2006,12.4292161968444
"1056",7,5,2007,1372,3,1,6,0,529,140,0,5,2008,12.4315335097995
"1057",8,5,2006,1646,3,1,6,1,870,80,0,11,2007,12.4248064883557
"1058",7,5,1993,1949,3,1,8,1,574,90,0,6,2010,12.3715870840077
"1059",8,5,2007,2610,4,1,11,1,550,364,0,8,2007,12.623061104073
"1060",9,5,1999,1709,2,1,5,1,506,65,0,1,2008,12.7035090321771
"1061",8,6,1970,2217,4,1,8,1,621,207,0,10,2007,12.498742259493
"1062",7,5,2006,1670,3,1,7,1,690,60,0,8,2006,12.3883942023241
"1063",8,5,2006,1636,3,1,8,1,865,60,0,6,2007,12.4490188241406
"1064",7,5,1991,2127,4,1,8,1,833,192,0,11,2007,12.3800259526536
"1065",8,5,2003,2374,4,1,10,1,656,100,0,5,2007,12.5602444592508
"1066",8,5,2001,1788,3,1,7,1,522,151,0,6,2009,12.3737034869141
"1067",7,5,1997,2236,4,1,8,1,642,0,0,11,2006,12.3104326608544
"1068",7,7,1960,2069,4,1,9,1,505,0,0,11,2008,12.3966930051388
"1069",7,5,2005,1971,3,1,8,1,689,48,0,2,2009,12.4411447677097
"1070",7,5,2006,1962,3,1,7,0,868,90,0,8,2006,12.3875563514251
"1071",8,5,2002,1629,3,1,9,1,808,252,0,11,2007,12.5061772379805
"1072",6,7,1977,2872,4,1,11,1,619,282,0,7,2008,12.5135573452781
"1073",9,5,2007,1800,2,1,7,0,702,136,0,5,2009,12.3842188309136
"1074",7,5,2002,1894,4,1,8,1,510,40,0,2,2010,12.2779280826306
"1075",8,5,1998,2612,4,1,8,1,676,0,0,7,2009,12.7248664389453
"1076",8,5,2002,2290,4,1,9,1,779,0,0,5,2008,12.4525420221479
"1077",9,5,2009,1940,3,1,8,1,606,95,0,4,2010,12.887127001736
"1078",8,5,1997,2392,3,1,7,1,870,70,0,6,2006,12.7599577587566
"1079",10,5,2006,1718,3,1,7,1,786,48,0,7,2009,12.7293207892947
"1080",8,5,2006,1574,3,1,7,1,824,104,0,7,2008,12.3544926506484
"1081",7,5,2004,1710,3,1,7,1,550,48,0,4,2009,12.3883942023241
"1082",8,6,2001,1665,3,1,6,0,528,45,0,11,2009,12.3327052964635
"1083",8,5,2007,1646,3,1,7,1,800,44,0,4,2008,12.5881906521085
"1084",8,7,1993,2520,5,1,10,1,796,55,0,11,2006,12.6443275764613
"1085",7,5,2002,1654,3,1,6,0,900,136,0,2,2006,12.3458345879053
"1086",8,5,2001,2263,3,1,7,1,905,45,0,9,2008,12.5672374947418
"1087",7,5,1990,2329,4,1,10,1,514,121,0,5,2008,12.4771679143776
"1088",9,5,2005,2868,4,1,11,1,716,108,0,7,2006,13.2295679916666
"1089",8,5,2002,1989,3,1,7,1,586,60,0,11,2006,12.4490188241406
"1090",7,6,1994,1850,3,1,7,1,467,98,0,1,2009,12.4211840251471
"1091",9,5,2008,2184,3,1,10,1,836,102,0,7,2009,12.7218858108072
"1092",6,7,1932,1991,3,1,7,1,432,0,0,3,2007,12.3013828253345
"1093",7,5,1996,2260,3,1,7,0,533,44,0,4,2010,12.7007688873663
"1094",7,6,1940,1740,3,1,6,2,240,0,0,7,2007,12.2991075114974
"1095",8,5,2005,1953,3,1,9,1,1043,50,0,5,2009,12.4371843664936
"1096",8,5,1994,2622,3,1,9,2,712,32,0,4,2010,12.6915804613119
"1097",7,5,2006,2021,3,1,9,1,422,100,0,9,2006,12.5235258763151
"1098",8,5,2004,1836,3,1,7,1,862,185,0,3,2009,12.5425448821514
"1099",8,5,2007,1734,3,1,7,1,928,0,0,11,2007,12.6698066617623
"1100",7,5,2004,1530,3,1,7,1,630,36,0,11,2007,12.4645833406817
"1101",8,5,1995,2020,3,1,8,1,466,155,0,6,2009,12.3863086958331
"1102",8,5,2006,2828,4,1,11,1,1052,144,0,4,2007,12.9595385187621
"1103",6,7,1956,1811,2,1,6,1,470,0,0,7,2006,12.3458345879053
"1104",5,8,1976,1437,3,1,6,1,528,21,0,7,2007,12.2922503417712
"1105",7,5,2007,1314,2,1,6,1,626,62,0,7,2009,12.3458345879053
"1106",8,5,2007,1580,3,1,7,0,830,24,0,6,2008,12.3678853256926
"1107",6,7,1954,1640,3,1,7,1,924,0,0,11,2008,12.3194013308372
"1108",8,5,2008,1694,3,1,7,0,776,33,0,2,2010,12.410441041518
"1109",6,7,1935,2108,4,1,7,2,540,0,0,7,2008,12.3673407931263
"1110",10,5,1995,3627,4,1,10,1,807,76,0,7,2006,13.3455069287185
"1111",6,8,1932,2345,4,1,9,1,360,0,0,7,2006,12.3842188309136
"1112",8,5,1992,2872,4,1,9,1,541,33,0,4,2007,12.5602444592508
"1113",7,5,1990,2514,4,1,8,0,693,0,0,4,2006,12.4292161968444
"1114",8,5,2008,1652,2,1,5,1,482,53,0,11,2008,12.8802918162046
"1115",8,5,1994,1624,2,1,5,1,757,114,0,7,2006,12.4760997827432
"1116",7,7,1990,2196,3,1,7,1,701,70,0,6,2009,12.5131896306206
"1117",8,5,2006,1660,3,1,8,1,500,50,0,5,2006,12.5776362019627
"1118",8,5,2009,1314,3,1,6,0,552,112,0,9,2009,12.343466568969
"1119",9,5,2008,1702,1,1,7,1,1052,72,0,10,2008,12.8139178962537
"1120",8,5,2006,1484,2,1,6,1,472,33,0,12,2007,12.4908755772311
"1121",7,5,2003,1768,3,1,8,0,543,63,0,7,2008,12.3234111379474
"1122",7,6,2007,1689,3,1,7,0,954,56,0,6,2007,12.4225057319529
"1123",8,7,1929,1517,3,1,7,2,400,0,0,6,2006,12.3458345879053
"1124",7,5,1968,2110,3,1,8,2,522,0,0,4,2010,12.4049235042753
"1125",7,7,1974,2167,3,1,9,2,518,47,0,7,2007,12.5913350463208
"1126",8,5,1994,1987,2,1,7,1,691,36,0,8,2008,12.6165252951494
"1127",9,5,2008,2018,3,1,10,1,746,76,0,5,2010,12.8439713518596
"1128",8,9,1935,3447,4,1,11,2,1014,12,0,5,2008,12.8505546541088
"1129",7,6,1979,1524,0,1,4,1,586,0,0,4,2010,12.4684369099977
"1130",7,5,2002,1573,3,1,6,0,544,72,0,3,2009,12.3327052964635
"1131",8,5,2000,1659,2,1,5,1,499,59,0,10,2009,12.5353763926728
"1132",8,5,2006,1970,3,1,8,1,753,74,0,10,2006,12.5461099483159
"1133",7,5,1999,1983,3,1,9,1,490,0,0,5,2009,12.3238556811866
"1134",8,5,1994,2526,4,1,8,1,844,78,0,12,2006,12.5776362019627
"1135",9,5,2006,1652,2,1,6,2,840,102,0,11,2009,12.6915804613119
"1136",7,8,1959,1902,3,1,7,2,567,207,0,5,2010,12.7218858108072
"1137",9,5,1999,2599,4,1,10,1,779,30,0,5,2010,12.7164021462475
"1138",8,5,2008,1630,3,1,8,1,860,42,0,1,2009,12.5964004268844
"1139",8,5,2001,1787,3,1,7,1,748,150,0,8,2006,12.5245263766487
"1140",8,5,2002,2169,3,1,7,1,647,87,0,8,2007,12.3392914893164
"1141",7,7,1968,2156,3,1,9,1,508,80,0,6,2006,12.4780063610138
"1142",7,5,1998,1494,3,1,5,1,514,25,0,8,2007,12.2783933071098
"1143",8,5,1995,3238,4,1,9,1,666,86,0,3,2010,12.9239124386805
"1144",7,5,2000,1865,3,1,7,1,839,184,0,6,2008,12.3673407931263
"1145",9,5,2004,1980,3,1,8,1,770,45,0,9,2006,12.6603279178078
"1146",7,5,2000,1674,3,1,7,0,663,96,0,1,2010,12.2830336866663
"1147",8,5,2003,1668,3,1,8,1,502,262,0,5,2010,12.3544926506484
"1148",7,6,1998,2097,3,1,8,1,583,170,0,6,2006,12.5219776769257
"1149",10,5,2001,2633,2,1,8,2,804,140,0,3,2007,13.0530132992695
"1150",7,5,2005,1958,3,1,9,1,936,210,0,7,2008,12.4292161968444
"1151",8,5,2007,1571,3,1,7,1,722,36,0,12,2007,12.3842188309136
"1152",7,5,1978,2784,5,1,12,2,564,112,519,7,2006,12.4292161968444
"1153",9,5,2006,1746,3,1,7,2,758,39,0,10,2009,12.8413258476712
"1154",7,5,2000,1525,3,1,6,0,541,36,0,9,2006,12.3673407931263
"1155",7,5,2006,1500,2,1,6,1,648,20,0,10,2006,12.4154336524317
"1156",8,5,2005,2482,4,1,9,1,642,39,0,2,2007,12.546867668291
"1157",8,5,2007,1464,3,1,6,0,754,160,0,8,2007,12.5529265202611
"1158",7,6,1986,2093,3,1,7,1,542,63,0,11,2008,12.2783933071098
"1159",8,5,2005,1844,2,1,7,1,620,44,0,9,2009,12.4568313638774
"1160",8,5,1998,2450,3,1,7,1,1069,126,0,5,2009,12.7367008965923
"1161",6,5,1969,1844,3,1,7,1,540,73,0,12,2006,12.3149270504423
"1162",6,7,1966,2201,4,1,8,1,432,236,738,8,2006,12.5244172797888
"1163",8,5,2008,1932,2,1,7,1,774,66,0,11,2008,12.8856709532443
"1164",10,5,2008,2007,3,1,10,1,812,52,0,4,2009,12.6443275764613
"1165",8,5,1995,2090,3,1,8,1,556,65,0,12,2007,12.3883942023241
"1166",8,5,2008,1578,3,1,7,1,840,36,0,5,2009,12.5675510344332
